1947-01-01,30,24,27,0.12,0.5,1
1947-01-02,44,29,36.5,0.49,0,0
1947-01-03,54,41,47.5,0.04,0,M
1947-01-04,42,24,33,0,0,M
1947-01-05,33,25,29,0,0,M
1947-01-06,33,17,25,0.12,2,2
1947-01-07,34,7,20.5,0.02,0.5,3
1947-01-08,35,27,31,0.03,0.4,3
1947-01-09,31,10,20.5,0.02,0.2,3
1947-01-10,30,17,23.5,0,0,2
1947-01-11,49,17,33,0,0,T
1947-01-12,47,27,37,0,0,M
1947-01-13,40,22,31,0,0,M
1947-01-14,50,34,42,0.03,0,M
1947-01-15,50,40,45,0.89,0,M
1947-01-16,51,37,44,0.02,0,M
1947-01-17,49,21,35,0,0,M
1947-01-18,42,22,32,0,0,M
1947-01-19,44,19,31.5,0,0,M
1947-01-20,54,36,45,0.77,0,M
1947-01-21,46,9,27.5,T,T,T
1947-01-22,14,2,8,0.16,0.5,1
1947-01-23,37,7,22,T,T,T
1947-01-24,49,32,40.5,0,0,M
1947-01-25,52,37,44.5,0.15,0,M
1947-01-26,51,35,43,0.25,0,M
1947-01-27,53,24,38.5,0,0,M
1947-01-28,48,34,41,0,0,M
1947-01-29,66,31,48.5,0,0,M
1947-01-30,67,40,53.5,0.31,0,M
1947-01-31,55,32,43.5,0.06,0,M
1947-02-01,36,23,29.5,0,0,M
1947-02-02,33,20,26.5,0.06,0.7,1
1948-01-01,46,38,42,0.5,0,M
1948-01-02,41,30,35.5,0.35,0,M
1948-01-03,32,29,30.5,0,0,M
1948-01-04,34,28,31,0,0,T
1948-01-05,34,28,31,0.03,T,T
1948-01-06,32,26,29,0.09,2.1,2
1948-01-07,32,17,24.5,0.01,0.2,2
1948-01-08,41,5,23,0,0,T
1948-01-09,49,28,38.5,0.04,T,T
1948-01-10,33,20,26.5,0,0,T
1948-01-11,30,11,20.5,0,0,T
1948-01-12,36,12,24,0.29,3,2
1948-01-13,35,28,31.5,0.03,0.5,2
1948-01-14,29,8,18.5,0.03,1,2
1948-01-15,21,-11,5,0,0,2
1948-01-16,36,18,27,0.01,0.3,1
1948-01-17,28,9,18.5,0.11,2.5,3
1948-01-18,16,-15,0.5,0,0,3
1948-01-19,27,-16,5.5,0,0,3
1948-01-20,40,-3,18.5,0,0,1
1948-01-21,39,27,33,0.03,0.3,1
1948-01-22,34,12,23,0.06,1.2,2
1948-01-23,14,1,7.5,T,T,2
1948-01-24,9,-11,-1,0.39,6.1,8
1948-01-25,16,7,11.5,0.04,2.1,10
1948-01-26,21,-21,0,0,0,10
1948-01-27,20,11,15.5,0.02,1,9
1948-01-28,17,-16,0.5,0,0,9
1948-01-29,23,-22,0.5,0,0,8
1948-01-30,20,-5,7.5,0,0,5
1948-01-31,25,-17,4,0,0,5
1948-02-01,35,3,19,0,0,5
1948-02-02,31,7,19,0,0,4
1950-01-01,49,29,39,0.02,0,0
1950-01-02,53,41,47,0.19,0,0
1950-01-03,61,46,53.5,0.88,0,0
1950-01-04,69,51,60,0.18,0,0
1950-01-05,54,38,46,0.41,0,0
1950-01-06,53,38,45.5,0.81,0,0
1950-01-07,43,25,34,0.22,T,T
1950-01-08,30,13,21.5,0,0,0
1950-01-09,48,14,31,0,0,0
1950-01-10,59,39,49,0.85,0,0
1950-01-11,55,23,39,0,0,0
1950-01-12,37,19,28,0,0,0
1950-01-13,63,25,44,0.36,0,0
1950-01-14,64,32,48,0.03,0,0
1950-01-15,48,17,32.5,T,0,0
1950-01-16,54,27,40.5,0.16,0,0
1950-01-17,43,11,27,0,0,0
1950-01-18,50,26,38,0.08,0,0
1950-01-19,28,13,20.5,0,0,0
1950-01-20,26,9,17.5,0,0,0
1950-01-21,40,15,27.5,0.03,0.8,M
1950-01-22,45,28,36.5,0.02,0,0
1950-01-23,51,38,44.5,0.05,0,0
1950-01-24,64,43,53.5,0.44,0,0
1950-01-25,75,44,59.5,0,0,0
1950-01-26,66,41,53.5,0.5,0,0
1950-01-27,43,21,32,0.08,0,0
1950-01-28,43,14,28.5,0,0,0
1950-01-29,63,35,49,0.49,0,0
1950-01-30,55,29,42,0.02,0,0
1950-01-31,38,27,32.5,0.59,0,0
1950-02-01,37,29,33,0.11,1,M
1950-02-02,41,32,36.5,0.32,0,0
1951-01-01,40,10,25,0,0,3
1951-01-02,46,21,33.5,0,0,2
1951-01-03,52,29,40.5,0.59,0,0
1951-01-04,50,31,40.5,0.08,0,0
1951-01-05,41,28,34.5,0,0,0
1951-01-06,46,25,35.5,0,0,0
1951-01-07,36,22,29,0.54,6.2,6
1951-01-08,23,10,16.5,0.02,0.5,7
1951-01-09,30,0,15,T,0,7
1951-01-10,46,9,27.5,0,0,3
1951-01-11,40,30,35,0.13,0,2
1951-01-12,32,21,26.5,0,0,2
1951-01-13,36,16,26,0,0,2
1951-01-14,39,29,34,0.62,0,1
1951-01-15,46,28,37,0.53,1,2
1951-01-16,30,25,27.5,0.02,0.5,2
1951-01-17,49,21,35,0,0,0
1951-01-18,56,35,45.5,0.03,0,0
1951-01-19,60,32,46,0,0,0
1951-01-20,66,40,53,0,0,0
1951-01-21,58,20,39,0.05,0.8,T
1951-01-22,29,5,17,0,0,T
1951-01-23,40,24,32,0.05,0,0
1951-01-24,40,31,35.5,0.53,0,0
1951-01-25,32,19,25.5,T,T,T
1951-01-26,24,18,21,0.05,1,1
1951-01-27,38,10,24,0.05,0.8,1
1951-01-28,34,13,23.5,0.55,0,T
1951-01-29,35,20,27.5,0.34,0,0
1951-01-30,25,7,16,0,0,0
1951-01-31,32,14,23,0.14,0.5,T
1951-02-01,38,21,29.5,1.31,T,T
1951-02-02,26,5,15.5,T,T,T
1952-01-01,68,39,53.5,0,0,0
1952-01-02,52,35,43.5,0.27,0,0
1952-01-03,39,21,30,0.5,T,T
1952-01-04,36,19,27.5,0,0,T
1952-01-05,39,30,34.5,0.16,T,T
1952-01-06,32,24,28,0,0,0
1952-01-07,32,10,21,0,0,0
1952-01-08,35,18,26.5,0,0,0
1952-01-09,48,32,40,0.01,0,0
1952-01-10,36,25,30.5,0.01,0.3,T
1952-01-11,31,17,24,0,0,T
1952-01-12,43,21,32,0,0,0
1952-01-13,36,18,27,0,0,0
1952-01-14,55,35,45,0.07,0,0
1952-01-15,63,43,53,0.06,0,0
1952-01-16,53,28,40.5,0,0,0
1952-01-17,58,28,43,0.25,0,0
1952-01-18,58,32,45,0.35,0,0
1952-01-19,38,20,29,0.07,T,0
1952-01-20,56,34,45,0.16,T,0
1952-01-21,35,15,25,T,T,0
1952-01-22,40,28,34,0.35,0,0
1952-01-23,43,21,32,0.03,0.2,T
1952-01-24,24,9,16.5,0.02,2.1,2
1952-01-25,36,0,18,0,0,1
1952-01-26,55,28,41.5,1.48,0,0
1952-01-27,52,38,45,0.87,0,0
1952-01-28,40,29,34.5,T,T,T
1952-01-29,29,6,17.5,T,T,T
1952-01-30,20,0,10,0,0,0
1952-01-31,38,6,22,0,0,0
1952-02-01,50,20,35,0,0,0
1952-02-02,48,38,43,0.35,0,0
1954-01-01,42,15,28.5,T,T,0
1954-01-02,51,17,34,0,0,0
1954-01-03,44,29,36.5,0.12,0,0
1954-01-04,32,26,29,0,0,0
1954-01-05,31,16,23.5,0.11,1.1,1
1954-01-06,29,23,26,0.21,2.7,4
1954-01-07,30,23,26.5,0.02,0.3,3
1954-01-08,31,6,18.5,T,0,1
1954-01-09,44,18,31,0.02,0,T
1954-01-10,45,23,34,0.23,0,0
1954-01-11,29,15,22,0.11,1.2,1
1954-01-12,25,14,19.5,0.03,0.4,2
1954-01-13,18,3,10.5,0.11,0.6,2
1954-01-14,34,3,18.5,T,2.4,5
1954-01-15,38,33,35.5,0.4,T,1
1954-01-16,39,30,34.5,0.31,T,1
1954-01-17,31,10,20.5,0.04,0.8,1
1954-01-18,41,-5,18,0,0,1
1954-01-19,40,21,30.5,0,0,0
1954-01-20,61,34,47.5,T,0,0
1954-01-21,57,30,43.5,0.29,0,0
1954-01-22,30,17,23.5,0.02,0,0
1954-01-23,37,6,21.5,0,0,0
1954-01-24,49,24,36.5,0,0,0
1954-01-25,42,35,38.5,0,0,0
1954-01-26,60,35,47.5,T,0,0
1954-01-27,59,30,44.5,0.84,T,0
1954-01-28,32,20,26,0.04,0.5,T
1954-01-29,33,7,20,0,0,T
1954-01-30,38,25,31.5,0,T,0
1954-01-31,30,13,21.5,0.04,0,0
1954-02-01,39,9,24,T,T,T
1954-02-02,43,30,36.5,T,0,0
1955-01-01,55,21,38,0,0,0
1955-01-02,49,22,35.5,0.21,0,0
1955-01-03,M,19,M,0,0,0
1955-01-04,42,29,35.5,0.05,0,0
1955-01-05,43,24,33.5,0,0,0
1955-01-06,56,32,44,0.45,0,0
1955-01-07,33,27,30,0.13,0,0
1955-01-08,40,16,28,0,0,0
1955-01-09,36,18,27,0,0,0
1955-01-10,37,31,34,0.12,T,T
1955-01-11,37,23,30,0,0,0
1955-01-12,34,19,26.5,0.2,0.2,T
1955-01-13,30,25,27.5,0.1,1.1,1
1955-01-14,29,21,25,0.02,0.3,1
1955-01-15,39,23,31,0.07,1,2
1955-01-16,36,19,27.5,0,0,1
1955-01-17,31,15,23,T,T,1
1955-01-18,27,18,22.5,T,T,1
1955-01-19,28,19,23.5,0,0,1
1955-01-20,28,12,20,0,0,T
1955-01-21,39,5,22,0,0,T
1955-01-22,40,28,34,0.16,0.9,1
1955-01-23,32,10,21,0.03,0.5,1
1955-01-24,30,6,18,0,0,1
1955-01-25,30,10,20,0.17,1.7,3
1955-01-26,30,17,23.5,0.2,2.3,2
1955-01-27,32,0,16,0.15,2.1,4
1955-01-28,20,-13,3.5,0,0,4
1955-01-29,19,-4,7.5,0.02,0.3,4
1955-01-30,17,-13,2,0,0,4
1955-01-31,24,-14,5,0,0,3
1955-02-01,38,22,30,0.08,1,4
1955-02-02,33,8,20.5,0.28,3,6
1957-01-01,31,9,20,0.09,1.6,2
1957-01-02,22,0,11,0.01,0.1,2
1957-01-03,28,15,21.5,0.01,T,2
1957-01-04,39,22,30.5,0,0,2
1957-01-05,31,24,27.5,0,0,T
1957-01-06,33,18,25.5,0,0,T
1957-01-07,32,27,29.5,0.15,1.8,2
1957-01-08,31,20,25.5,0.12,1.5,3
1957-01-09,38,27,32.5,0.14,1.5,4
1957-01-10,39,20,29.5,0.39,T,1
1957-01-11,22,9,15.5,0.01,T,1
1957-01-12,38,4,21,0,0,1
1957-01-13,35,18,26.5,0,0,T
1957-01-14,18,-2,8,0.11,1.4,1
1957-01-15,23,-8,7.5,0,0,1
1957-01-16,18,9,13.5,0.04,0.6,2
1957-01-17,10,-15,-2.5,0.01,T,2
1957-01-18,18,-3,7.5,0.04,0.6,2
1957-01-19,31,9,20,0.01,T,2
1957-01-20,46,2,24,0,0,2
1957-01-21,54,34,44,0,0,T
1957-01-22,58,30,44,0,0,T
1957-01-23,57,18,37.5,0.5,T,0
1957-01-24,30,8,19,T,0,0
1957-01-25,34,25,29.5,0,0,0
1957-01-26,33,24,28.5,0.18,2,2
1957-01-27,30,23,26.5,0.03,0.4,2
1957-01-28,33,21,27,0,0,0
1957-01-29,40,30,35,0.57,0,0
1957-01-30,31,23,27,0.28,0.5,T
1957-01-31,38,25,31.5,0,0,T
1957-02-01,35,31,33,T,T,T
1957-02-02,33,23,28,0.4,0,T
1958-01-01,42,20,31,0,0,T
1958-01-02,22,12,17,0.11,1.2,1
1958-01-03,22,5,13.5,0.02,0.2,1
1958-01-04,21,-5,8,0,0,1
1958-01-05,25,-3,11,0,0,1
1958-01-06,43,3,23,0,0,T
1958-01-07,43,23,33,0.05,0.7,1
1958-01-08,25,6,15.5,0.02,0.4,2
1958-01-09,23,-11,6,0.01,0.2,2
1958-01-10,42,0,21,T,T,T
1958-01-11,40,24,32,0,0,0
1958-01-12,40,1,20.5,0,0,0
1958-01-13,47,10,28.5,0,0,0
1958-01-14,38,33,35.5,0.29,0,0
1958-01-15,38,33,35.5,1.14,0,0
1958-01-16,34,27,30.5,T,T,T
1958-01-17,28,24,26,0.03,0.3,T
1958-01-18,29,19,24,0.05,0.7,1
1958-01-19,26,2,14,T,T,1
1958-01-20,47,8,27.5,0,0,T
1958-01-21,41,31,36,0,0,0
1958-01-22,42,32,37,0.32,0.2,T
1958-01-23,37,24,30.5,0.22,T,T
1958-01-24,37,21,29,0,0,T
1958-01-25,38,28,33,0.82,2.6,3
1958-01-26,35,30,32.5,0.05,0.5,2
1958-01-27,35,25,30,0,0,2
1958-01-28,32,27,29.5,0.16,1.8,4
1958-01-29,34,27,30.5,0.07,0.8,5
1958-01-30,32,26,29,T,T,5
1958-01-31,33,28,30.5,0.13,1.5,6
1958-02-01,35,22,28.5,0,0,5
1958-02-02,29,22,25.5,0,0,4
1959-01-01,38,30,34,0.04,0,0
1959-01-02,42,32,37,1.5,0,0
1959-01-03,46,18,32,0,0,0
1959-01-04,41,20,30.5,0,0,0
1959-01-05,20,2,11,0.05,0.5,T
1959-01-06,18,2,10,0,0,T
1959-01-07,23,4,13.5,0,0,T
1959-01-08,27,8,17.5,0,0,T
1959-01-09,20,9,14.5,0.01,0.2,T
1959-01-10,21,14,17.5,T,T,T
1959-01-11,25,18,21.5,0.18,2,2
1959-01-12,40,2,21,T,T,1
1959-01-13,39,28,33.5,0,0,T
1959-01-14,41,15,28,0,0,T
1959-01-15,50,36,43,0.46,0,0
1959-01-16,36,5,20.5,0.63,1,1
1959-01-17,14,4,9,0.28,3,4
1959-01-18,15,-6,4.5,T,T,4
1959-01-19,35,-6,14.5,0,0,4
1959-01-20,41,32,36.5,0.1,1.2,3
1959-01-21,67,38,52.5,0.7,0,T
1959-01-22,64,10,37,0.7,T,T
1959-01-23,21,14,17.5,T,T,T
1959-01-24,42,12,27,T,T,T
1959-01-25,47,34,40.5,T,T,T
1959-01-26,34,23,28.5,0.28,2.7,3
1959-01-27,30,12,21,0.08,0,3
1959-01-28,39,-1,19,0,0,3
1959-01-29,44,11,27.5,0,0,3
1959-01-30,53,34,43.5,0.08,0,T
1959-01-31,34,20,27,0.1,0,T
1959-02-01,21,11,16,0,0,T
1959-02-02,24,-2,11,0,0,0
1960-01-01,42,16,29,0,0,0
1960-01-02,46,24,35,0,0,0
1960-01-03,49,31,40,0.95,0,0
1960-01-04,31,24,27.5,T,T,T
1960-01-05,32,21,26.5,0,0,0
1960-01-06,37,18,27.5,0,0,0
1960-01-07,41,24,32.5,0,0,0
1960-01-08,40,34,37,0,0,0
1960-01-09,48,21,34.5,0,0,0
1960-01-10,48,26,37,0,0,0
1960-01-11,44,27,35.5,T,0,0
1960-01-12,40,25,32.5,0,0,0
1960-01-13,58,38,48,0.96,0,0
1960-01-14,44,35,39.5,0.1,0,0
1960-01-15,57,30,43.5,0.2,0,0
1960-01-16,35,18,26.5,T,T,T
1960-01-17,30,25,27.5,0.06,T,T
1960-01-18,38,28,33,0.02,0,0
1960-01-19,35,25,30,0.4,1,1
1960-01-20,27,18,22.5,0.1,1,2
1960-01-21,21,16,18.5,T,T,2
1960-01-22,22,14,18,0.05,0.8,3
1960-01-23,22,18,20,0.02,0.5,3
1960-01-24,28,14,21,T,T,3
1960-01-25,30,1,15.5,0,0,2
1960-01-26,39,27,33,T,0,2
1960-01-27,44,23,33.5,0,0,1
1960-01-28,39,34,36.5,T,0,T
1960-01-29,43,32,37.5,0.03,0,T
1960-01-30,42,22,32,0,0,0
1960-01-31,43,24,33.5,0,0,0
1960-02-01,40,19,29.5,0,0,0
1960-02-02,32,17,24.5,T,T,T
1961-01-01,36,29,32.5,0.71,5,8
1961-01-02,32,25,28.5,T,T,7
1961-01-03,29,14,21.5,0.01,T,7
1961-01-04,24,9,16.5,0.05,1.8,8
1961-01-05,40,13,26.5,T,T,8
1961-01-06,45,27,36,0,0,7
1961-01-07,47,23,35,0,0,5
1961-01-08,43,21,32,T,T,3
1961-01-09,25,15,20,T,T,3
1961-01-10,36,7,21.5,0,0,3
1961-01-11,44,6,25,0,0,2
1961-01-12,45,13,29,0,0,1
1961-01-13,51,15,33,0,0,1
1961-01-14,51,25,38,0,0,T
1961-01-15,39,30,34.5,0,0,T
1961-01-16,40,28,34,0.23,2,2
1961-01-17,38,28,33,0,0,1
1961-01-18,36,31,33.5,0.01,0,1
1961-01-19,31,18,24.5,0.04,0.5,1
1961-01-20,18,2,10,0.56,7.5,9
1961-01-21,18,-9,4.5,0,0,9
1961-01-22,13,-2,5.5,0.02,0.5,9
1961-01-23,20,-14,3,0.01,T,9
1961-01-24,20,0,10,0.04,1,8
1961-01-25,11,-22,-5.5,0.02,0.6,9
1961-01-26,15,-10,2.5,0,0,9
1961-01-27,16,3,9.5,0.15,2.7,11
1961-01-28,15,-13,1,0.01,0.4,11
1961-01-29,23,3,13,0,0,11
1961-01-30,20,8,14,T,T,11
1961-01-31,24,3,13.5,0.01,0.1,11
1961-02-01,22,11,16.5,0.13,2.5,13
1961-02-02,20,-26,-3,0,0,13
1962-01-01,31,17,24,0.02,0.3,2
1962-01-02,25,7,16,T,T,2
1962-01-03,40,23,31.5,0.01,0.3,2
1962-01-04,49,28,38.5,0,0,1
1962-01-05,42,26,34,0,0,T
1962-01-06,50,36,43,0.16,0,T
1962-01-07,52,31,41.5,0.39,0,0
1962-01-08,35,23,29,T,0.2,T
1962-01-09,23,10,16.5,0.05,0.7,1
1962-01-10,10,-5,2.5,0,0,T
1962-01-11,14,-2,6,0,0,T
1962-01-12,20,0,10,0,0,T
1962-01-13,29,-1,14,0,0,T
1962-01-14,50,11,30.5,0,0,T
1962-01-15,47,30,38.5,0,0,T
1962-01-16,35,21,28,0.47,T,0
1962-01-17,21,17,19,T,T,T
1962-01-18,25,4,14.5,0,0,0
1962-01-19,27,6,16.5,0,0,0
1962-01-20,27,21,24,0.17,2.2,2
1962-01-21,39,14,26.5,0.01,0.2,2
1962-01-22,52,36,44,0.59,0,0
1962-01-23,43,21,32,0.08,0,0
1962-01-24,46,10,28,0,0,0
1962-01-25,46,30,38,0,0,0
1962-01-26,46,24,35,0,0,0
1962-01-27,55,25,40,0.93,0,0
1962-01-28,30,17,23.5,0,0,0
1962-01-29,28,17,22.5,0.03,0.9,1
1962-01-30,39,10,24.5,0.06,0.5,T
1962-01-31,18,0,9,T,T,T
1962-02-01,26,17,21.5,0.02,0.8,1
1962-02-02,35,20,27.5,0.07,1,2
1963-01-01,21,-7,7,0,0,3
1963-01-02,26,10,18,0,0,3
1963-01-03,33,15,24,0,0,3
1963-01-04,35,22,28.5,0,0,2
1963-01-05,41,23,32,0,0,2
1963-01-06,36,26,31,0,0,2
1963-01-07,36,26,31,T,T,2
1963-01-08,34,31,32.5,0.05,T,2
1963-01-09,45,31,38,0,0,1
1963-01-10,54,23,38.5,0,0,1
1963-01-11,43,34,38.5,0.28,0,T
1963-01-12,47,35,41,0.3,0,T
1963-01-13,39,12,25.5,0.27,1,1
1963-01-14,23,7,15,0,0,1
1963-01-15,25,9,17,0,0,1
1963-01-16,29,7,18,T,T,1
1963-01-17,43,10,26.5,T,T,1
1963-01-18,47,18,32.5,0,0,T
1963-01-19,47,20,33.5,0,0,T
1963-01-20,47,31,39,0.27,0,T
1963-01-21,31,3,17,0.05,0,T
1963-01-22,35,5,20,T,T,T
1963-01-23,41,4,22.5,T,T,T
1963-01-24,5,-15,-5,0.11,2,2
1963-01-25,15,-4,5.5,0,0,2
1963-01-26,31,12,21.5,0,0,2
1963-01-27,25,9,17,0.38,6.4,8
1963-01-28,10,-5,2.5,0.01,0.2,8
1963-01-29,31,-22,4.5,0,0,7
1963-01-30,32,21,26.5,T,T,6
1963-01-31,25,7,16,0.1,1,7
1963-02-01,35,2,18.5,0,0,6
1963-02-02,41,26,33.5,0.01,0,5
1965-01-01,36,17,26.5,0,0,0
1965-01-02,53,34,43.5,0.77,T,0
1965-01-03,34,21,27.5,0.59,0.5,1
1965-01-04,30,21,25.5,0,0,T
1965-01-05,44,18,31,0,0,0
1965-01-06,42,28,35,0,0,0
1965-01-07,49,21,35,0,0,0
1965-01-08,59,40,49.5,0.93,0,0
1965-01-09,60,33,46.5,0.12,0,0
1965-01-10,33,28,30.5,0.08,0.3,T
1965-01-11,31,14,22.5,0.19,2.3,2
1965-01-12,36,19,27.5,0,0,2
1965-01-13,36,26,31,0,0,T
1965-01-14,31,6,18.5,0.23,2,3
1965-01-15,19,-3,8,T,T,3
1965-01-16,21,9,15,0.05,0.5,3
1965-01-17,14,-18,-2,0.03,0.3,3
1965-01-18,20,10,15,0.14,2,5
1965-01-19,23,-8,7.5,0.02,0.3,5
1965-01-20,33,14,23.5,0.02,0.4,5
1965-01-21,36,16,26,0.03,0.8,5
1965-01-22,43,12,27.5,0,0,3
1965-01-23,41,35,38,0.2,0,T
1965-01-24,39,35,37,1.02,0,T
1965-01-25,43,32,37.5,0.23,T,T
1965-01-26,54,29,41.5,0,0,0
1965-01-27,44,18,31,0.38,3,2
1965-01-28,29,10,19.5,T,T,T
1965-01-29,15,-2,6.5,0.12,2,3
1965-01-30,22,-7,7.5,0,0,3
1965-01-31,17,-8,4.5,0,0,2
1965-02-01,28,-1,13.5,0,0,1
1965-02-02,28,10,19,0.12,2,3
1966-01-01,62,39,50.5,0.2,0,0
1966-01-02,42,37,39.5,0.4,0,0
1966-01-03,43,34,38.5,0.94,0,0
1966-01-04,43,18,30.5,0,0,0
1966-01-05,51,15,33,0,0,0
1966-01-06,43,34,38.5,0.26,0,0
1966-01-07,40,32,36,0.36,0,0
1966-01-08,33,13,23,0.01,0.1,T
1966-01-09,30,3,16.5,0.03,0.5,1
1966-01-10,43,17,30,0,0,1
1966-01-11,39,14,26.5,0,0,T
1966-01-12,25,2,13.5,T,T,T
1966-01-13,39,15,27,0,0,T
1966-01-14,35,25,30,0.04,T,T
1966-01-15,34,26,30,0,0,T
1966-01-16,28,8,18,0,0,T
1966-01-17,24,17,20.5,0.01,0.2,T
1966-01-18,24,16,20,T,0.1,T
1966-01-19,25,11,18,0.01,0.7,1
1966-01-20,30,23,26.5,0.05,0.5,1
1966-01-21,41,24,32.5,0,0,1
1966-01-22,32,20,26,0,0,T
1966-01-23,30,26,28,0.8,9.8,10
1966-01-24,26,10,18,0.12,2.1,11
1966-01-25,31,-7,12,0,0,10
1966-01-26,22,9,15.5,0,0,8
1966-01-27,21,-6,7.5,0.03,0.5,8
1966-01-28,12,-5,3.5,0.03,0.6,8
1966-01-29,10,-21,-5.5,0,0,8
1966-01-30,12,7,9.5,0.3,3,11
1966-01-31,18,0,9,0.06,1.9,13
1966-02-01,23,10,16.5,0.02,0.5,12
1966-02-02,28,22,25,0.3,4,15
1967-01-01,42,27,34.5,0.02,0.2,T
1967-01-02,39,30,34.5,T,0,T
1967-01-03,40,17,28.5,0,0,T
1967-01-04,37,28,32.5,0,0,T
1967-01-05,28,10,19,0,0,T
1967-01-06,35,22,28.5,0,0,T
1967-01-07,49,31,40,0.02,0,T
1967-01-08,55,26,40.5,0.02,0,0
1967-01-09,31,20,25.5,0,0,0
1967-01-10,35,15,25,T,T,0
1967-01-11,28,22,25,T,T,T
1967-01-12,40,16,28,T,T,T
1967-01-13,44,23,33.5,T,T,0
1967-01-14,44,31,37.5,0,0,0
1967-01-15,42,28,35,0.02,0,0
1967-01-16,29,14,21.5,T,T,T
1967-01-17,39,21,30,T,T,0
1967-01-18,27,5,16,T,T,T
1967-01-19,32,4,18,0,0,0
1967-01-20,41,13,27,0,0,0
1967-01-21,49,16,32.5,0,0,0
1967-01-22,58,35,46.5,0,0,0
1967-01-23,62,40,51,0,0,0
1967-01-24,66,37,51.5,0,0,0
1967-01-25,67,39,53,0,0,0
1967-01-26,55,42,48.5,0.02,0,0
1967-01-27,55,35,45,0,0,0
1967-01-28,35,20,27.5,0.65,1,1
1967-01-29,28,18,23,0.05,2,3
1967-01-30,32,10,21,0.01,0.1,2
1967-01-31,38,6,22,0,0,1
1967-02-01,41,32,36.5,0.49,0,T
1967-02-02,56,32,44,0.02,0,T
1968-01-01,30,-3,13.5,0.38,3.8,7
1968-01-02,28,-4,12,0,0,7
1968-01-03,37,25,31,0.02,0.2,7
1968-01-04,30,13,21.5,0.02,0.3,5
1968-01-05,13,-6,3.5,0,0,5
1968-01-06,32,-2,15,0,0,5
1968-01-07,28,5,16.5,0.08,1.2,5
1968-01-08,10,-6,2,0.01,0.2,5
1968-01-09,25,-2,11.5,T,T,5
1968-01-10,28,19,23.5,0.02,0.2,5
1968-01-11,24,3,13.5,0,0,5
1968-01-12,33,-10,11.5,0,0,5
1968-01-13,29,17,23,0,0,5
1968-01-14,40,26,33,0.07,0.7,5
1968-01-15,33,22,27.5,0.2,1.4,4
1968-01-16,23,2,12.5,0.09,1,5
1968-01-17,34,6,20,0,0,5
1968-01-18,45,10,27.5,0,0,4
1968-01-19,37,16,26.5,T,T,3
1968-01-20,41,19,30,T,T,3
1968-01-21,40,26,33,0,0,2
1968-01-22,38,21,29.5,0,0,2
1968-01-23,37,22,29.5,0.05,0,1
1968-01-24,22,3,12.5,0.11,0.8,1
1968-01-25,30,0,15,0,0,1
1968-01-26,36,1,18.5,0,0,1
1968-01-27,50,21,35.5,0,0,1
1968-01-28,41,32,36.5,0.02,0,T
1968-01-29,43,33,38,0.32,0,T
1968-01-30,40,35,37.5,0.63,0,T
1968-01-31,44,34,39,0.54,0,T
1968-02-01,44,37,40.5,0,0,T
1968-02-02,52,35,43.5,0.06,0,0
1969-01-01,32,3,17.5,0.1,T,T
1969-01-02,19,9,14,T,T,T
1969-01-03,30,11,20.5,T,T,T
1969-01-04,19,7,13,0.03,0.5,T
1969-01-05,20,-3,8.5,0.01,0.2,T
1969-01-06,28,7,17.5,0,0,T
1969-01-07,32,17,24.5,0.25,3.2,3
1969-01-08,24,8,16,0.06,1,4
1969-01-09,42,22,32,0.21,0,1
1969-01-10,22,13,17.5,T,0.1,1
1969-01-11,19,14,16.5,0.01,0.1,1
1969-01-12,22,11,16.5,0.01,0.1,1
1969-01-13,24,14,19,0.02,0.3,1
1969-01-14,27,19,23,T,T,1
1969-01-15,33,18,25.5,0.02,0.3,1
1969-01-16,41,5,23,0,0,1
1969-01-17,41,32,36.5,T,0,T
1969-01-18,49,35,42,0.35,0,T
1969-01-19,49,29,39,0.1,0,T
1969-01-20,39,23,31,0,0,0
1969-01-21,42,34,38,0,0,0
1969-01-22,49,33,41,0.01,0,0
1969-01-23,52,36,44,0,0,0
1969-01-24,56,40,48,T,0,0
1969-01-25,40,20,30,0.09,0,0
1969-01-26,24,10,17,T,T,T
1969-01-27,32,7,19.5,T,0.1,T
1969-01-28,36,11,23.5,0,0,T
1969-01-29,43,23,33,0.27,0,0
1969-01-30,55,38,46.5,0.65,0,0
1969-01-31,53,33,43,0.64,0,0
1969-02-01,41,31,36,0.13,0,0
1969-02-02,46,28,37,0.11,0,0
1970-01-01,29,22,25.5,T,0.1,3
1970-01-02,30,23,26.5,0.05,0.6,3
1970-01-03,30,20,25,0.14,2,5
1970-01-04,20,9,14.5,0.27,3,6
1970-01-05,36,10,23,0.01,0.3,6
1970-01-06,33,24,28.5,T,0.1,3
1970-01-07,24,10,17,0.26,3.2,5
1970-01-08,10,-3,3.5,0.03,0.5,5
1970-01-09,5,-4,0.5,0.01,T,5
1970-01-10,17,2,9.5,0.08,0.8,5
1970-01-11,25,-2,11.5,T,T,5
1970-01-12,26,21,23.5,0.25,2.5,7
1970-01-13,25,20,22.5,0.01,0.3,6
1970-01-14,23,11,17,0.09,1.5,7
1970-01-15,35,-9,13,T,T,7
1970-01-16,47,7,27,0,0,6
1970-01-17,38,28,33,0.12,0,4
1970-01-18,36,20,28,0.09,T,3
1970-01-19,20,2,11,0,0,3
1970-01-20,19,0,9.5,0.05,0.6,3
1970-01-21,16,0,8,0.26,3.6,6
1970-01-22,15,-10,2.5,T,0.3,6
1970-01-23,22,-7,7.5,0,0,6
1970-01-24,22,-4,9,0.03,1,6
1970-01-25,46,20,33,0.08,1,6
1970-01-26,48,33,40.5,0.1,0,2
1970-01-27,35,30,32.5,0.04,0.3,2
1970-01-28,46,25,35.5,0.16,2,3
1970-01-29,58,37,47.5,0.56,0,2
1970-01-30,38,20,29,0.11,T,T
1970-01-31,41,18,29.5,T,0.1,T
1970-02-01,51,25,38,0,0,T
1970-02-02,50,33,41.5,0.21,0,T
1971-01-01,34,18,26,0.52,4,6
1971-01-02,35,11,23,0,0,5
1971-01-03,46,27,36.5,0,0,4
1971-01-04,47,21,34,0.53,0,3
1971-01-05,46,27,36.5,0.87,0,T
1971-01-06,28,14,21,0,0,T
1971-01-07,24,12,18,0,0,T
1971-01-08,20,5,12.5,0,0,T
1971-01-09,30,18,24,T,0.3,T
1971-01-10,43,28,35.5,T,T,T
1971-01-11,46,30,38,0,0,T
1971-01-12,43,28,35.5,0,0,T
1971-01-13,31,22,26.5,0,0,T
1971-01-14,54,30,42,0.66,0,T
1971-01-15,36,22,29,T,0,T
1971-01-16,22,14,18,0.01,0.4,T
1971-01-17,25,12,18.5,0.04,1,1
1971-01-18,19,-4,7.5,T,0.1,1
1971-01-19,16,-8,4,0.17,2.5,3
1971-01-20,23,10,16.5,T,0.3,3
1971-01-21,36,5,20.5,T,0.1,2
1971-01-22,42,24,33,0.06,1.1,3
1971-01-23,40,26,33,0.2,0,T
1971-01-24,45,17,31,T,T,T
1971-01-25,42,31,36.5,0.08,1.2,1
1971-01-26,45,16,30.5,0.06,0,T
1971-01-27,17,7,12,0.07,1.2,1
1971-01-28,15,6,10.5,0.03,0.5,1
1971-01-29,24,6,15,0.02,0.4,1
1971-01-30,47,16,31.5,0.21,2,T
1971-01-31,16,-10,3,0.08,1,1
1971-02-01,6,-2,2,T,T,1
1971-02-02,11,-8,1.5,0,0,1
1972-01-01,47,24,35.5,T,T,0
1972-01-02,42,33,37.5,0.32,0,0
1972-01-03,46,22,34,0.45,0,0
1972-01-04,42,27,34.5,T,0,0
1972-01-05,40,17,28.5,0.4,0.5,T
1972-01-06,27,13,20,0.06,1,1
1972-01-07,34,21,27.5,0,0,T
1972-01-08,37,18,27.5,0.01,1,1
1972-01-09,47,28,37.5,T,T,T
1972-01-10,52,38,45,0.25,T,0
1972-01-11,51,33,42,0.18,0,0
1972-01-12,47,24,35.5,0.02,T,0
1972-01-13,70,38,54,0,0,0
1972-01-14,48,21,34.5,0.08,0.5,T
1972-01-15,25,2,13.5,0,0,0
1972-01-16,8,-8,0,0.01,0.2,T
1972-01-17,37,0,18.5,0,0,T
1972-01-18,54,23,38.5,0,0,0
1972-01-19,55,33,44,0.07,0,0
1972-01-20,52,23,37.5,0,0,0
1972-01-21,52,32,42,0.18,0,0
1972-01-22,48,30,39,0,0,0
1972-01-23,54,33,43.5,0.49,0,0
1972-01-24,54,33,43.5,0.11,0,0
1972-01-25,57,22,39.5,0.21,0,0
1972-01-26,27,13,20,0,0,0
1972-01-27,24,12,18,0,0,0
1972-01-28,25,19,22,0.28,3.4,3
1972-01-29,29,6,17.5,T,T,3
1972-01-30,28,15,21.5,0,0,2
1972-01-31,22,6,14,0,0,2
1972-02-01,33,7,20,T,T,2
1972-02-02,35,25,30,T,T,1
1973-01-01,56,36,46,0.01,0,0
1973-01-02,37,23,30,0,0,0
1973-01-03,40,16,28,0,0,0
1973-01-04,52,32,42,0.62,0,0
1973-01-05,39,29,34,0,0,0
1973-01-06,29,15,22,T,T,T
1973-01-07,19,9,14,T,T,T
1973-01-08,19,8,13.5,0,0,0
1973-01-09,23,3,13,0,0,0
1973-01-10,21,3,12,0.01,0.6,1
1973-01-11,26,6,16,0,0,T
1973-01-12,24,4,14,T,0.3,T
1973-01-13,35,4,19.5,0,0,T
1973-01-14,40,19,29.5,0,0,T
1973-01-15,38,32,35,0,0,T
1973-01-16,42,29,35.5,T,T,0
1973-01-17,57,24,40.5,0,0,0
1973-01-18,62,28,45,0,0,0
1973-01-19,50,29,39.5,0,0,0
1973-01-20,39,25,32,0.39,0.5,1
1973-01-21,47,10,28.5,0.02,0.5,1
1973-01-22,53,35,44,0.28,0,T
1973-01-23,49,35,42,0.1,0,0
1973-01-24,35,27,31,0.02,0.3,T
1973-01-25,46,15,30.5,T,T,T
1973-01-26,58,25,41.5,0,0,T
1973-01-27,49,32,40.5,0.25,0,0
1973-01-28,44,38,41,0.26,0,0
1973-01-29,41,14,27.5,0.18,1,1
1973-01-30,25,6,15.5,T,T,T
1973-01-31,39,18,28.5,0,0,T
1973-02-01,43,30,36.5,0,0,T
1973-02-02,54,31,42.5,0.42,0,0
1974-01-01,35,18,26.5,0.06,T,0
1974-01-02,28,12,20,0.04,T,T
1974-01-03,34,19,26.5,T,T,T
1974-01-04,32,13,22.5,0.39,2,2
1974-01-05,34,5,19.5,T,T,2
1974-01-06,30,21,25.5,0,0,2
1974-01-07,30,23,26.5,0.01,T,2
1974-01-08,25,3,14,T,T,2
1974-01-09,39,19,29,0.41,4,5
1974-01-10,37,26,31.5,0.44,0.6,2
1974-01-11,40,27,33.5,0.83,0,1
1974-01-12,27,12,19.5,0.1,1,2
1974-01-13,24,1,12.5,0.04,0.4,2
1974-01-14,40,7,23.5,0,0,2
1974-01-15,50,34,42,T,0,T
1974-01-16,54,28,41,0,0,T
1974-01-17,46,29,37.5,0,0,T
1974-01-18,45,29,37,0,0,0
1974-01-19,51,37,44,0.77,0,0
1974-01-20,52,32,42,0.02,0,0
1974-01-21,54,40,47,0.19,0,0
1974-01-22,47,35,41,0.18,0,0
1974-01-23,52,34,43,0,0,0
1974-01-24,38,27,32.5,0.18,0,0
1974-01-25,48,20,34,0,0,0
1974-01-26,51,21,36,0,0,0
1974-01-27,63,45,54,0.07,0,0
1974-01-28,54,27,40.5,0,0,0
1974-01-29,54,34,44,0.3,0,0
1974-01-30,53,29,41,T,0,0
1974-01-31,58,24,41,0,0,0
1974-02-01,40,19,29.5,0,0,0
1974-02-02,40,29,34.5,0,0,0
1975-01-01,44,21,32.5,0.52,T,0
1975-01-02,35,25,30,0.1,0.5,T
1975-01-03,37,21,29,0,0,T
1975-01-04,38,30,34,0.16,1.9,T
1975-01-05,39,19,29,0.05,0.5,T
1975-01-06,40,22,31,0,0,T
1975-01-07,46,31,38.5,T,T,T
1975-01-08,56,26,41,0,0,T
1975-01-09,47,37,42,0.38,0,0
1975-01-10,49,29,39,0,0,0
1975-01-11,63,34,48.5,0,0,0
1975-01-12,48,27,37.5,0,0,0
1975-01-13,33,13,23,0.46,4,3
1975-01-14,18,8,13,T,T,2
1975-01-15,26,-2,12,0.03,0.3,2
1975-01-16,30,16,23,0.02,0.2,2
1975-01-17,29,8,18.5,0.06,1.2,3
1975-01-18,40,12,26,0,0,2
1975-01-19,42,33,37.5,0.36,3,2
1975-01-20,33,9,21,0.33,3,2
1975-01-21,36,0,18,0,0,2
1975-01-22,32,11,21.5,0,0,2
1975-01-23,37,24,30.5,T,T,2
1975-01-24,47,14,30.5,0,0,2
1975-01-25,52,31,41.5,0.1,0,1
1975-01-26,39,28,33.5,0.28,0.2,1
1975-01-27,34,25,29.5,T,T,1
1975-01-28,42,30,36,0.01,0.2,T
1975-01-29,64,35,49.5,1.58,0,T
1975-01-30,45,30,37.5,0.39,T,T
1975-01-31,35,29,32,0.12,1,1
1975-02-01,35,25,30,0.05,0.4,T
1975-02-02,37,25,31,0.03,0.3,T
1976-01-01,38,25,31.5,0.45,0.5,T
1976-01-02,41,25,33,0,0,T
1976-01-03,43,27,35,0.31,0,T
1976-01-04,28,13,20.5,0.3,1.5,1
1976-01-05,17,9,13,0.03,0.6,1
1976-01-06,36,0,18,T,T,1
1976-01-07,41,25,33,0,0,T
1976-01-08,33,12,22.5,0.4,5.5,4
1976-01-09,12,0,6,0.02,0.5,4
1976-01-10,21,-5,8,0,0,4
1976-01-11,35,16,25.5,0.07,0.7,4
1976-01-12,35,18,26.5,0.52,4,5
1976-01-13,44,13,28.5,0.02,0.5,5
1976-01-14,49,24,36.5,0.38,T,2
1976-01-15,29,20,24.5,T,T,1
1976-01-16,36,23,29.5,0.03,0.5,1
1976-01-17,27,6,16.5,0.03,0.5,1
1976-01-18,14,-5,4.5,0,0,1
1976-01-19,35,-6,14.5,0,0,1
1976-01-20,41,29,35,0.07,0.7,1
1976-01-21,31,20,25.5,0.06,1.2,2
1976-01-22,20,9,14.5,0.3,4,5
1976-01-23,24,-7,8.5,0.1,1.5,6
1976-01-24,52,14,33,0,0,6
1976-01-25,40,20,30,0,0,2
1976-01-26,54,38,46,0.23,0,T
1976-01-27,48,27,37.5,0.38,0.4,T
1976-01-28,27,14,20.5,0.35,5,5
1976-01-29,35,15,25,0.01,0.4,5
1976-01-30,32,20,26,0.03,0.8,5
1976-01-31,32,19,25.5,0.07,1,5
1976-02-01,39,28,33.5,0.05,0.2,5
1976-02-02,36,-10,13,T,T,3
1977-01-01,12,2,7,T,0.2,5
1977-01-02,22,8,15,0.06,1,6
1977-01-03,26,2,14,T,T,6
1977-01-04,28,17,22.5,0.05,1,6
1977-01-05,31,2,16.5,T,0.1,5
1977-01-06,31,4,17.5,0,0,4
1977-01-07,30,11,20.5,0.37,4.2,8
1977-01-08,22,-7,7.5,0.27,2.2,10
1977-01-09,23,9,16,0,0,10
1977-01-10,29,8,18.5,0.37,3.5,12
1977-01-11,12,5,8.5,0.17,2.2,14
1977-01-12,10,-1,4.5,0.03,0.5,14
1977-01-13,18,-15,1.5,0.03,0.5,14
1977-01-14,35,17,26,0.03,0.3,14
1977-01-15,35,21,28,0.32,3.8,18
1977-01-16,24,-5,9.5,0.15,2,20
1977-01-17,-1,-13,-7,0.02,0.3,20
1977-01-18,7,-7,0,0.05,0.8,21
1977-01-19,13,-6,3.5,0.03,0.5,21
1977-01-20,22,2,12,0.15,3,23
1977-01-21,20,3,11.5,0.01,0.5,21
1977-01-22,18,10,14,0.03,1,22
1977-01-23,22,-6,8,T,T,22
1977-01-24,32,11,21.5,0,0,20
1977-01-25,31,25,28,0.19,2.5,20
1977-01-26,31,19,25,0.19,3,21
1977-01-27,31,3,17,0.1,1.8,23
1977-01-28,42,-2,20,0,0,22
1977-01-29,9,-10,-0.5,0.15,2,24
1977-01-30,10,1,5.5,T,T,24
1977-01-31,16,-4,6,T,0.1,24
1977-02-01,18,9,13.5,T,0.4,24
1977-02-02,26,12,19,0.04,0.6,24
1979-01-01,56,44,50,0.48,0,0
1979-01-02,51,23,37,0.91,0,0
1979-01-03,23,-3,10,0.03,1,1
1979-01-04,21,3,12,T,0.2,1
1979-01-05,21,9,15,T,0.1,1
1979-01-06,27,11,19,0.2,2.5,4
1979-01-07,35,21,28,0.1,1,3
1979-01-08,33,14,23.5,0.75,0.8,4
1979-01-09,16,-1,7.5,0.05,0.8,4
1979-01-10,20,11,15.5,0.12,1.5,5
1979-01-11,22,-5,8.5,T,T,5
1979-01-12,25,6,15.5,0.05,1,6
1979-01-13,40,21,30.5,T,T,5
1979-01-14,44,24,34,0.32,0,2
1979-01-15,24,3,13.5,0.08,1,2
1979-01-16,29,13,21,0,0,1
1979-01-17,41,13,27,T,0,1
1979-01-18,36,16,26,0.33,1.1,1
1979-01-19,26,2,14,T,T,1
1979-01-20,34,22,28,0,0,T
1979-01-21,35,27,31,0.87,1,1
1979-01-22,29,25,27,0.02,0.5,1
1979-01-23,38,15,26.5,0.02,1.5,3
1979-01-24,42,27,34.5,0.04,0,1
1979-01-25,36,18,27,0.28,2,2
1979-01-26,26,21,23.5,0.18,2,3
1979-01-27,30,22,26,0.07,0.5,3
1979-01-28,34,26,30,0.03,T,3
1979-01-29,33,27,30,0.09,1,4
1979-01-30,29,22,25.5,T,T,4
1979-01-31,27,20,23.5,0.15,1.7,5
1979-02-01,24,14,19,0.18,2.5,7
1979-02-02,24,11,17.5,T,T,7
1980-01-01,31,17,24,0,0,0
1980-01-02,30,26,28,T,T,T
1980-01-03,32,26,29,T,T,T
1980-01-04,30,14,22,0.07,0.7,1
1980-01-05,29,21,25,0.2,2.2,2
1980-01-06,29,-1,14,0.04,0.5,3
1980-01-07,40,12,26,0.02,T,1
1980-01-08,31,15,23,T,0,T
1980-01-09,32,14,23,0,0,T
1980-01-10,39,6,22.5,0.08,0.8,1
1980-01-11,59,34,46.5,0.02,0,T
1980-01-12,54,20,37,0.17,0,0
1980-01-13,38,20,29,0,0,0
1980-01-14,43,28,35.5,0.17,0,0
1980-01-15,38,28,33,0.05,0,0
1980-01-16,54,23,38.5,0,0,0
1980-01-17,48,33,40.5,0,0,0
1980-01-18,43,35,39,0.12,0,0
1980-01-19,38,32,35,0,0,0
1980-01-20,35,28,31.5,T,T,0
1980-01-21,36,23,29.5,0,0,0
1980-01-22,38,22,30,T,T,T
1980-01-23,36,17,26.5,0.01,0.3,T
1980-01-24,18,6,12,0.04,0.5,1
1980-01-25,37,18,27.5,0.06,1,2
1980-01-26,30,16,23,0.02,0.2,2
1980-01-27,35,6,20.5,0,0,2
1980-01-28,30,18,24,T,T,1
1980-01-29,22,14,18,0.01,0.1,1
1980-01-30,23,4,13.5,T,T,1
1980-01-31,22,12,17,0.02,0.2,T
1980-02-01,20,8,14,T,T,T
1980-02-02,19,5,12,T,T,T
1981-01-01,33,21,27,0.17,2,2
1981-01-02,31,11,21,0.34,3.5,5
1981-01-03,21,6,13.5,0.12,1,5
1981-01-04,9,-10,-0.5,0.1,1,6
1981-01-05,14,-2,6,0,0,6
1981-01-06,31,-4,13.5,T,0.3,6
1981-01-07,29,8,18.5,0.27,3,8
1981-01-08,11,-6,2.5,0.01,0.4,8
1981-01-09,20,-11,4.5,T,T,8
1981-01-10,17,5,11,0.05,1,9
1981-01-11,10,-1,4.5,0.02,0.5,9
1981-01-12,13,-13,0,0.01,0.2,9
1981-01-13,21,-14,3.5,T,T,9
1981-01-14,34,16,25,0.02,0.5,9
1981-01-15,31,25,28,T,T,8
1981-01-16,31,16,23.5,0.04,0.5,7
1981-01-17,18,11,14.5,0.1,1.5,8
1981-01-18,26,13,19.5,0.08,1,8
1981-01-19,38,11,24.5,T,0.2,8
1981-01-20,39,20,29.5,0,0,7
1981-01-21,42,28,35,0,0,5
1981-01-22,40,33,36.5,0,0,4
1981-01-23,M,28,M,T,T,3
1981-01-24,33,27,30,0.07,1,4
1981-01-25,50,12,31,0,0,4
1981-01-26,53,31,42,0,0,3
1981-01-27,43,31,37,0,0,1
1981-01-28,36,23,29.5,T,T,1
1981-01-29,30,19,24.5,0.03,0.3,1
1981-01-30,24,5,14.5,T,T,1
1981-01-31,33,5,19,0,0,1
1981-02-01,39,-2,18.5,0,0,T
1981-02-02,43,17,30,1.4,T,T
1982-01-01,42,30,36,0.29,0,0
1982-01-02,37,16,26.5,0,0,0
1982-01-03,39,21,30,0.04,0,0
1982-01-04,53,32,42.5,0.46,0,0
1982-01-05,35,24,29.5,0.18,T,T
1982-01-06,47,20,33.5,0,0,0
1982-01-07,40,24,32,0.2,0,0
1982-01-08,26,9,17.5,T,T,T
1982-01-09,26,7,16.5,0.07,1,1
1982-01-10,9,-8,0.5,0.18,3,4
1982-01-11,4,-11,-3.5,0.03,0.3,4
1982-01-12,15,2,8.5,0.02,0.2,4
1982-01-13,25,4,14.5,0.05,0.5,5
1982-01-14,25,18,21.5,0.1,2,6
1982-01-15,20,6,13,0.07,1.5,7
1982-01-16,33,1,17,0.23,3.5,9
1982-01-17,4,-17,-6.5,0.12,2.5,9
1982-01-18,20,-8,6,T,T,9
1982-01-19,35,M,M,0,0,9
1982-01-20,38,9,23.5,T,T,8
1982-01-21,34,21,27.5,0.06,1,6
1982-01-22,28,16,22,T,M,5
1982-01-23,48,20,34,1.34,4,8
1982-01-24,38,10,24,0.17,1,6
1982-01-25,16,3,9.5,0.01,0.3,6
1982-01-26,17,1,9,0.02,0.4,7
1982-01-27,32,-5,13.5,0.02,0.8,8
1982-01-28,47,14,30.5,0,0,8
1982-01-29,38,16,27,T,T,6
1982-01-30,37,22,29.5,0.7,0,5
1982-01-31,48,32,40,0.29,0,3
1982-02-01,52,22,37,0.37,T,2
1982-02-02,39,16,27.5,T,T,2
1983-01-01,40,19,29.5,0,0,0
1983-01-02,35,21,28,0,0,0
1983-01-03,34,25,29.5,0,0,0
1983-01-04,38,12,25,0,0,0
1983-01-05,44,23,33.5,0,0,0
1983-01-06,35,24,29.5,0,0,0
1983-01-07,48,28,38,T,0,0
1983-01-08,36,30,33,0,0,0
1983-01-09,40,22,31,0,0,0
1983-01-10,43,34,38.5,0.03,0,0
1983-01-11,M,35,M,0.13,0,0
1983-01-12,36,21,28.5,0.05,0.5,1
1983-01-13,29,19,24,T,0.2,T
1983-01-14,44,21,32.5,T,T,T
1983-01-15,38,27,32.5,0.18,1,1
1983-01-16,39,17,28,0.11,1,2
1983-01-17,24,11,17.5,0.01,0.3,2
1983-01-18,18,8,13,0.03,0.5,2
1983-01-19,18,8,13,0.04,0.6,2
1983-01-20,30,-2,14,T,T,2
1983-01-21,30,11,20.5,0,0,2
1983-01-22,39,21,30,0,0,1
1983-01-23,39,32,35.5,0.43,0,T
1983-01-24,37,32,34.5,0.14,0,T
1983-01-25,35,32,33.5,T,T,T
1983-01-26,33,27,30,0.01,T,T
1983-01-27,31,28,29.5,0.03,0.5,T
1983-01-28,42,20,31,0,0,T
1983-01-29,47,19,33,0,0,T
1983-01-30,45,31,38,0.02,0,T
1983-01-31,38,31,34.5,0.33,0,T
1983-02-01,44,24,34,0,0,0
1983-02-02,50,37,43.5,0.08,0,0
1984-01-01,30,14,22,0,0,T
1984-01-02,34,26,30,T,T,T
1984-01-03,33,28,30.5,0.02,0.5,1
1984-01-04,37,31,34,0,0,1
1984-01-05,35,31,33,0,0,T
1984-01-06,37,31,34,0.02,T,T
1984-01-07,M,16,M,0.01,T,T
1984-01-08,37,11,24,0,0,T
1984-01-09,38,15,26.5,0.03,0.5,1
1984-01-10,35,23,29,0.13,1,2
1984-01-11,23,1,12,0.34,3.5,5
1984-01-12,20,M,M,0,0,5
1984-01-13,28,13,20.5,0,0,4
1984-01-14,30,23,26.5,T,T,4
1984-01-15,28,6,17,0.02,T,4
1984-01-16,26,-2,12,0.04,0.5,3
1984-01-17,27,17,22,0.05,0.5,3
1984-01-18,28,10,19,0.03,0.5,3
1984-01-19,25,-3,11,0.18,3,6
1984-01-20,14,-13,0.5,T,T,6
1984-01-21,5,-17,-6,T,T,6
1984-01-22,26,-19,3.5,0,0,6
1984-01-23,43,1,22,0,0,6
1984-01-24,44,31,37.5,0.41,0,4
1984-01-25,41,30,35.5,0.1,0,3
1984-01-26,49,23,36,0,0,1
1984-01-27,45,20,32.5,0,0,1
1984-01-28,33,10,21.5,0,0,T
1984-01-29,33,23,28,0.02,0.5,1
1984-01-30,33,27,30,0.12,1.5,2
1984-01-31,34,15,24.5,0.32,4.5,6
1984-02-01,30,12,21,0.02,1,6
1984-02-02,47,10,28.5,0,0,5
1985-01-01,70,43,56.5,0,0,0
1985-01-02,57,27,42,0.02,0,0
1985-01-03,33,24,28.5,0,0,0
1985-01-04,42,27,34.5,0,0,0
1985-01-05,35,28,31.5,0.08,T,T
1985-01-06,35,22,28.5,T,T,T
1985-01-07,35,26,30.5,0,0,0
1985-01-08,33,14,23.5,0.13,1.5,2
1985-01-09,22,2,12,0.04,0.5,2
1985-01-10,24,4,14,T,T,2
1985-01-11,23,12,17.5,0.17,2,4
1985-01-12,24,10,17,0.08,1,5
1985-01-13,28,11,19.5,T,T,5
1985-01-14,34,16,25,0,0,4
1985-01-15,29,12,20.5,0.13,2,6
1985-01-16,23,6,14.5,T,T,6
1985-01-17,28,17,22.5,0.18,3,8
1985-01-18,28,19,23.5,0.08,1,9
1985-01-19,M,11,M,0.13,2,10
1985-01-20,11,-16,-2.5,0.08,1,10
1985-01-21,0,-20,-10,0,0,10
1985-01-22,20,-1,9.5,0.09,1,11
1985-01-23,24,14,19,0.2,3,14
1985-01-24,32,13,22.5,0.15,2,16
1985-01-25,32,14,23,0.22,3,18
1985-01-26,19,10,14.5,0.26,3,18
1985-01-27,25,9,17,T,T,18
1985-01-28,32,23,27.5,T,T,17
1985-01-29,29,14,21.5,T,0.5,14
1985-01-30,35,10,22.5,0,0,12
1985-01-31,37,22,29.5,0.1,1,10
1985-02-01,35,25,30,0.12,1,9
1985-02-02,27,18,22.5,0.28,4,13
1986-01-01,38,22,30,T,T,5
1986-01-02,44,24,34,T,T,2
1986-01-03,44,30,37,T,0,T
1986-01-04,40,29,34.5,0.04,T,T
1986-01-05,38,24,31,0.1,T,T
1986-01-06,27,18,22.5,0.02,0.5,1
1986-01-07,20,11,15.5,0,0,1
1986-01-08,21,8,14.5,0,0,1
1986-01-09,36,6,21,0,0,1
1986-01-10,34,22,28,0,0,T
1986-01-11,39,21,30,0,0,T
1986-01-12,50,26,38,0,0,T
1986-01-13,38,13,25.5,T,T,T
1986-01-14,19,11,15,T,0,T
1986-01-15,21,-1,10,0.02,0.5,1
1986-01-16,47,6,26.5,0,0,T
1986-01-17,53,24,38.5,0,0,T
1986-01-18,53,36,44.5,0.01,0,T
1986-01-19,55,35,45,0.02,0,0
1986-01-20,47,31,39,1.7,4,4
1986-01-21,35,26,30.5,1.12,6,9
1986-01-22,41,25,33,0,0,8
1986-01-23,37,25,31,T,0,7
1986-01-24,37,9,23,0,0,6
1986-01-25,39,27,33,0,0,5
1986-01-26,34,29,31.5,0.02,0,5
1986-01-27,29,6,17.5,0.17,4,9
1986-01-28,11,1,6,0.1,2,10
1986-01-29,26,-4,11,T,T,10
1986-01-30,21,14,17.5,0.19,4,14
1986-01-31,32,5,18.5,T,T,14
1986-02-01,42,13,27.5,0,0,13
1986-02-02,42,33,37.5,0.14,0,11
1987-01-01,35,26,30.5,T,T,0
1987-01-02,32,28,30,0.39,8,8
1987-01-03,32,28,30,0.29,3,10
1987-01-04,32,16,24,T,T,8
1987-01-05,35,3,19,0,0,7
1987-01-06,43,11,27,0,0,5
1987-01-07,39,27,33,0.02,0,3
1987-01-08,34,29,31.5,T,T,3
1987-01-09,35,29,32,T,T,2
1987-01-10,38,32,35,0.01,0.3,2
1987-01-11,33,28,30.5,0.08,1,2
1987-01-12,31,27,29,T,T,2
1987-01-13,38,28,33,T,0.5,2
1987-01-14,54,23,38.5,0,0,1
1987-01-15,48,36,42,0.08,0,T
1987-01-16,42,28,35,0.01,0,T
1987-01-17,36,20,28,0,0,0
1987-01-18,43,29,36,0,0,0
1987-01-19,38,33,35.5,0.06,0,0
1987-01-20,36,26,31,0.8,T,T
1987-01-21,29,22,25.5,0.02,0.5,1
1987-01-22,26,21,23.5,0,0,1
1987-01-23,26,9,17.5,0.36,3.5,4
1987-01-24,10,-2,4,0.25,2.5,6
1987-01-25,22,-6,8,0,0,6
1987-01-26,26,3,14.5,0,0,6
1987-01-27,23,1,12,0,0,6
1987-01-28,24,-2,11,0,0,6
1987-01-29,34,23,28.5,0.02,0.5,6
1987-01-30,41,28,34.5,0.19,1,4
1987-01-31,33,26,29.5,0.23,1,4
1987-02-01,40,23,31.5,0.01,T,4
1987-02-02,45,29,37,0.05,0,2
1988-01-01,M,26,M,0.2,0,T
1988-01-02,26,10,18,0,0,T
1988-01-03,33,10,21.5,0,0,0
1988-01-04,29,16,22.5,0.04,1,1
1988-01-05,16,2,9,T,T,1
1988-01-06,11,-1,5,0,0,1
1988-01-07,19,-4,7.5,0,0,1
1988-01-08,25,14,19.5,0.05,1,2
1988-01-09,25,8,16.5,0.02,0.5,3
1988-01-10,23,6,14.5,0.01,0.3,3
1988-01-11,31,-4,13.5,0,0,3
1988-01-12,47,11,29,0,0,2
1988-01-13,50,15,32.5,0.02,T,T
1988-01-14,17,3,10,0.02,0.5,1
1988-01-15,31,5,18,0,0,T
1988-01-16,48,13,30.5,0,0,T
1988-01-17,54,28,41,0,0,T
1988-01-18,48,36,42,0.19,0,0
1988-01-19,47,28,37.5,0.06,0,0
1988-01-20,54,37,45.5,0.78,0,0
1988-01-21,43,29,36,T,0,0
1988-01-22,30,23,26.5,T,T,T
1988-01-23,31,25,28,0.01,0.5,1
1988-01-24,47,24,35.5,T,T,T
1988-01-25,40,27,33.5,T,T,0
1988-01-26,30,6,18,0.17,3,3
1988-01-27,20,12,16,0.03,2,4
1988-01-28,24,2,13,T,T,4
1988-01-29,41,7,24,T,T,3
1988-01-30,59,30,44.5,0,0,2
1988-01-31,62,28,45,0,0,0
1988-02-01,58,42,50,0.05,0,0
1988-02-02,56,33,44.5,2.09,0,0
1989-01-01,36,26,31,0,0,T
1989-01-02,38,32,35,0.02,0,T
1989-01-03,36,23,29.5,0,0,0
1989-01-04,28,8,18,0.18,2.3,2
1989-01-05,35,4,19.5,T,T,2
1989-01-06,M,M,M,0.05,0.5,1
1989-01-07,41,28,34.5,0.15,2,2
1989-01-08,57,37,47,0.3,0,T
1989-01-09,38,22,30,0,0,0
1989-01-10,44,16,30,0,0,0
1989-01-11,44,22,33,0,0,0
1989-01-12,52,33,42.5,0.27,0,0
1989-01-13,48,22,35,0.41,0,0
1989-01-14,38,14,26,T,T,0
1989-01-15,45,34,39.5,0.5,0,0
1989-01-16,40,27,33.5,0,0,0
1989-01-17,46,22,34,T,0,0
1989-01-18,52,22,37,0,0,0
1989-01-19,45,31,38,T,0,0
1989-01-20,42,26,34,T,0,0
1989-01-21,26,14,20,0.12,T,T
1989-01-22,45,13,29,0,0,0
1989-01-23,53,18,35.5,0,0,0
1989-01-24,52,22,37,0,0,0
1989-01-25,40,34,37,T,0,0
1989-01-26,54,38,46,0.03,0,0
1989-01-27,44,31,37.5,0.53,0,0
1989-01-28,51,21,36,0,0,0
1989-01-29,48,26,37,0,0,0
1989-01-30,48,39,43.5,0.14,0,0
1989-01-31,56,37,46.5,0,0,0
1989-02-01,64,38,51,0,0,0
1989-02-02,55,35,45,0,0,0
1990-01-01,46,29,37.5,0.82,T,1
1990-01-02,38,27,32.5,T,T,1
1990-01-03,46,22,34,0,0,1
1990-01-04,54,34,44,0,0,T
1990-01-05,49,30,39.5,0.06,0,0
1990-01-06,39,28,33.5,0,0,0
1990-01-07,44,20,32,0,0,0
1990-01-08,39,23,31,0,0,0
1990-01-09,51,27,39,0,0,0
1990-01-10,48,33,40.5,0.12,0,0
1990-01-11,48,31,39.5,0.08,T,T
1990-01-12,38,24,31,T,0.5,T
1990-01-13,26,20,23,0.04,1,1
1990-01-14,36,13,24.5,0,0,1
1990-01-15,46,32,39,0.31,1,1
1990-01-16,54,37,45.5,0,0,0
1990-01-17,65,37,51,T,0,0
1990-01-18,57,39,48,0.13,0,0
1990-01-19,39,25,32,0.08,0,0
1990-01-20,37,29,33,0.22,0,0
1990-01-21,43,35,39,1.32,0,0
1990-01-22,37,32,34.5,0.08,0.5,1
1990-01-23,44,27,35.5,0.02,0,0
1990-01-24,57,39,48,0.06,0,0
1990-01-25,58,34,46,T,0,0
1990-01-26,51,22,36.5,0.21,1,1
1990-01-27,52,15,33.5,0.02,0,1
1990-01-28,47,31,39,0,0,T
1990-01-29,M,29,M,0.35,5.5,6
1990-01-30,37,28,32.5,0.62,T,2
1990-01-31,48,19,33.5,0,0,1
1990-02-01,52,25,38.5,0,0,T
1990-02-02,53,38,45.5,0.13,0,0
1991-01-01,40,17,28.5,T,0,0
1991-01-02,43,21,32,0,0,0
1991-01-03,31,25,28,M,M,M
1991-01-04,31,17,24,T,T,T
1991-01-05,36,15,25.5,0,0,0
1991-01-06,36,32,34,0.43,0,0
1991-01-07,33,27,30,0.16,T,T
1991-01-08,31,18,24.5,M,M,M
1991-01-09,38,28,33,0.12,T,T
1991-01-10,35,31,33,0.06,0,0
1991-01-11,34,28,31,0.27,2,2
1991-01-12,37,33,35,0.8,1,3
1991-01-13,37,22,29.5,0.07,T,2
1991-01-14,41,25,33,0.01,T,2
1991-01-15,51,25,38,0,0,2
1991-01-16,47,32,39.5,0.39,0,0
1991-01-17,46,31,38.5,0.4,0,0
1991-01-18,36,26,31,0.08,0.5,1
1991-01-19,44,27,35.5,T,0,0
1991-01-20,39,35,37,M,M,M
1991-01-21,38,12,25,0.34,2,2
1991-01-22,16,2,9,0.02,0.5,3
1991-01-23,31,5,18,0,0,3
1991-01-24,33,12,22.5,0.03,0.5,4
1991-01-25,21,3,12,0,0,4
1991-01-26,26,3,14.5,0,0,3
1991-01-27,37,10,23.5,0.05,0.5,3
1991-01-28,42,28,35,0.43,0.5,2
1991-01-29,48,18,33,0,0,2
1991-01-30,39,M,M,0.21,0,1
1991-01-31,36,18,27,0.15,1,1
1991-02-01,38,12,25,0,0,T
1991-02-02,52,24,38,0,0,T
1992-01-01,41,16,28.5,0,0,0
1992-01-02,48,19,33.5,0,0,0
1992-01-03,50,30,40,0,0,0
1992-01-04,52,33,42.5,0,0,0
1992-01-05,49,37,43,T,0,0
1992-01-06,37,32,34.5,0,0,0
1992-01-07,35,32,33.5,T,T,0
1992-01-08,45,21,33,0,0,0
1992-01-09,47,31,39,0.2,0,0
1992-01-10,41,33,37,0.08,0,0
1992-01-11,33,29,31,0.15,1,T
1992-01-12,49,22,35.5,T,T,T
1992-01-13,54,36,45,0,0,0
1992-01-14,53,23,38,0.2,0,0
1992-01-15,25,11,18,0.06,0.5,T
1992-01-16,23,4,13.5,0.16,3.5,4
1992-01-17,27,2,14.5,0.01,T,4
1992-01-18,26,10,18,0.04,1,5
1992-01-19,26,-7,9.5,T,T,5
1992-01-20,27,2,14.5,0.07,1,5
1992-01-21,39,12,25.5,0.03,1,6
1992-01-22,45,15,30,0,0,5
1992-01-23,43,35,39,0.16,0,3
1992-01-24,43,17,30,0.74,2,2
1992-01-25,24,7,15.5,0.03,0.5,3
1992-01-26,26,17,21.5,0.12,2,5
1992-01-27,40,8,24,T,T,5
1992-01-28,39,21,30,0,0,2
1992-01-29,33,29,31,0,0,2
1992-01-30,43,29,36,0,0,1
1992-01-31,36,31,33.5,0.03,0,0
1992-02-01,32,22,27,0.01,0.3,T
1992-02-02,32,13,22.5,T,T,T
1993-01-01,43,24,33.5,0.12,T,T
1993-01-02,38,22,30,0.01,T,T
1993-01-03,41,26,33.5,T,0,0
1993-01-04,66,40,53,0.15,0,0
1993-01-05,64,35,49.5,0.38,0,0
1993-01-06,36,33,34.5,T,0,0
1993-01-07,42,26,34,0,0,0
1993-01-08,37,31,34,0,0,0
1993-01-09,35,25,30,T,T,T
1993-01-10,31,26,28.5,0,0,0
1993-01-11,37,31,34,0.13,0.5,1
1993-01-12,46,35,40.5,0.14,0,0
1993-01-13,51,34,42.5,0.2,0,0
1993-01-14,M,28,M,0.57,T,T
1993-01-15,31,28,29.5,0.01,0,0
1993-01-16,31,28,29.5,0.02,0.5,0
1993-01-17,33,28,30.5,T,T,T
1993-01-18,31,18,24.5,0.01,T,T
1993-01-19,31,10,20.5,0,0,0
1993-01-20,41,12,26.5,0,0,0
1993-01-21,40,22,31,0,0,0
1993-01-22,40,35,37.5,0.65,0,0
1993-01-23,43,31,37,0.13,0,0
1993-01-24,49,29,39,T,T,T
1993-01-25,34,22,28,0.66,1,1
1993-01-26,34,11,22.5,0,0,1
1993-01-27,34,28,31,0,T,1
1993-01-28,43,23,33,T,T,T
1993-01-29,42,28,35,0.12,1,1
1993-01-30,35,15,25,0.01,0.5,1
1993-01-31,42,31,36.5,0,0,T
1993-02-01,41,13,27,0.01,T,T
1993-02-02,27,7,17,0,0,0
1994-01-01,47,14,30.5,T,T,0
1994-01-02,40,30,35,0.05,M,1
1994-01-03,34,29,31.5,T,T,1
1994-01-04,30,22,26,0.22,2.5,1
1994-01-05,23,6,14.5,1.52,21,21
1994-01-06,30,2,16,0.2,2,22
1994-01-07,34,30,32,0.3,1,15
1994-01-08,32,5,18.5,0.38,3,18
1994-01-09,18,6,12,0.11,1,19
1994-01-10,28,-9,9.5,T,T,19
1994-01-11,35,25,30,0,0,18
1994-01-12,36,31,33.5,0.23,1.5,18
1994-01-13,35,32,33.5,0.06,1,14
1994-01-14,33,9,21,0.16,1,10
1994-01-15,9,-6,1.5,0.05,1,11
1994-01-16,10,-12,-1,T,T,11
1994-01-17,32,9,20.5,0.33,3.5,15
1994-01-18,30,-7,11.5,0.4,9,20
1994-01-19,-6,-24,-15,0.03,0.5,20
1994-01-20,9,-10,-0.5,0.03,0.5,19
1994-01-21,14,-24,-5,0,0,18
1994-01-22,22,11,16.5,T,T,18
1994-01-23,39,10,24.5,0.03,0.5,16
1994-01-24,39,35,37,T,0,15
1994-01-25,37,33,35,0.03,0,10
1994-01-26,36,21,28.5,0.42,T,8
1994-01-27,29,23,26,0,0,6
1994-01-28,51,29,40,1.35,0,6
1994-01-29,43,26,34.5,0.06,T,5
1994-01-30,29,22,25.5,0.05,1,5
1994-01-31,26,13,19.5,0,0,5
1994-02-01,23,8,15.5,0.08,1,6
1994-02-02,24,-4,10,0,0,6
1995-01-01,46,38,42,0.39,0,0
1995-01-02,38,18,28,0.28,1.5,2
1995-01-03,26,10,18,T,M,2
1995-01-04,25,9,17,0.05,0.5,2
1995-01-05,14,0,7,0,0,2
1995-01-06,36,M,M,0,0,2
1995-01-07,41,28,34.5,0.4,T,M
1995-01-08,30,23,26.5,0.02,0.2,1
1995-01-09,32,21,26.5,T,T,1
1995-01-10,27,13,20,0,0,T
1995-01-11,37,26,31.5,T,T,T
1995-01-12,56,35,45.5,0.11,0,0
1995-01-13,67,43,55,0.02,0,0
1995-01-14,65,39,52,0,0,0
1995-01-15,65,55,60,0.2,0,0
1995-01-16,M,34,M,0.15,0,0
1995-01-17,36,33,34.5,0.02,0,0
1995-01-18,58,29,43.5,0.01,0,0
1995-01-19,53,34,43.5,0,0,0
1995-01-20,46,33,39.5,0.48,T,T
1995-01-21,34,25,29.5,0.35,0.4,1
1995-01-22,25,20,22.5,0.15,1.5,2
1995-01-23,29,12,20.5,0.08,0.5,3
1995-01-24,26,21,23.5,0.05,0.5,3
1995-01-25,37,M,M,0.05,0.5,3
1995-01-26,M,17,M,0.03,0.4,4
1995-01-27,32,19,25.5,T,T,3
1995-01-28,33,22,27.5,0,0,3
1995-01-29,38,11,24.5,0,0,3
1995-01-30,40,20,30,0,0,2
1995-01-31,35,15,25,0,0,T
1995-02-01,35,31,33,0,0,T
1995-02-02,36,24,30,T,T,T
1997-01-01,35,26,30.5,T,0,0
1997-01-02,51,35,43,0.05,0,0
1997-01-03,58,47,52.5,0.04,0,0
1997-01-04,71,48,59.5,0.08,0,0
1997-01-05,64,48,56,0.03,0,0
1997-01-06,48,23,35.5,0.17,0,0
1997-01-07,M,21,M,0.02,0.5,T
1997-01-08,29,17,23,0.01,T,T
1997-01-09,31,21,26,T,T,T
1997-01-10,29,23,26,0.35,3.5,2
1997-01-11,24,7,15.5,0.03,1,3
1997-01-12,14,9,11.5,T,T,3
1997-01-13,14,1,7.5,T,T,3
1997-01-14,20,12,16,T,T,3
1997-01-15,45,4,24.5,T,T,3
1997-01-16,43,16,29.5,0.13,0,1
1997-01-17,16,-1,7.5,0.1,1,2
1997-01-18,9,2,5.5,T,T,2
1997-01-19,25,-7,9,0.02,0.5,2
1997-01-20,31,7,19,T,M,2
1997-01-21,44,11,27.5,0.02,0.5,2
1997-01-22,52,33,42.5,0.04,0,1
1997-01-23,45,30,37.5,0.18,0,T
1997-01-24,39,26,32.5,T,T,T
1997-01-25,51,25,38,0.44,T,T
1997-01-26,26,14,20,0.06,1,1
1997-01-27,32,20,26,0,0,1
1997-01-28,47,20,33.5,0.73,1,1
1997-01-29,29,11,20,T,T,1
1997-01-30,40,18,29,0,0,1
1997-01-31,44,26,35,0,0,T
1997-02-01,46,30,38,0.09,0,0
1997-02-02,49,30,39.5,T,0,0
1998-01-01,32,1,16.5,0.01,0,6
1998-01-02,46,24,35,0,0,4
1998-01-03,56,35,45.5,T,0,1
1998-01-04,54,42,48,0.04,0,0
1998-01-05,66,32,49,T,0,0
1998-01-06,57,46,51.5,0.3,0,0
1998-01-07,64,44,54,0.08,0,0
1998-01-08,66,51,58.5,1.23,0,0
1998-01-09,M,37,M,0.42,0,0
1998-01-10,40,33,36.5,0.16,0,0
1998-01-11,40,26,33,0,0,0
1998-01-12,40,20,30,0,0,0
1998-01-13,48,25,36.5,0.1,0,0
1998-01-14,34,14,24,0.16,T,T
1998-01-15,37,25,31,0,0,0
1998-01-16,38,34,36,0.17,0,0
1998-01-17,36,32,34,0.02,T,T
1998-01-18,32,28,30,0.2,0.5,1
1998-01-19,34,23,28.5,0.05,T,1
1998-01-20,31,25,28,0.01,0.5,1
1998-01-21,30,15,22.5,0,0,1
1998-01-22,41,25,33,0,0,1
1998-01-23,39,33,36,0.39,0,T
1998-01-24,38,31,34.5,0.43,0,0
1998-01-25,31,27,29,0.03,T,T
1998-01-26,45,28,36.5,0,0,0
1998-01-27,39,31,35,0,0,0
1998-01-28,41,31,36,0.1,T,0
1998-01-29,55,31,43,0,0,0
1998-01-30,44,30,37,0.04,T,0
1998-01-31,33,26,29.5,0.02,T,T
1998-02-01,51,19,35,0,0,0
1998-02-02,53,29,41,0,0,0
1999-01-01,20,10,15,0.05,1.5,2
1999-01-02,20,5,12.5,0,0,1
1999-01-03,37,20,28.5,1.38,5,3
1999-01-04,21,11,16,0,T,3
1999-01-05,11,2,6.5,T,T,3
1999-01-06,28,-3,12.5,0,0,3
1999-01-07,30,4,17,0.25,4,7
1999-01-08,34,2,18,0.08,1,8
1999-01-09,44,17,30.5,1.12,2,9
1999-01-10,20,4,12,0.16,2.5,11
1999-01-11,22,6,14,0.04,1,12
1999-01-12,43,21,32,0.16,1.5,8
1999-01-13,44,24,34,0.12,0,4
1999-01-14,45,19,32,0.79,1.5,4
1999-01-15,33,17,25,0.75,2,4
1999-01-16,44,17,30.5,0.03,0.5,5
1999-01-17,55,25,40,0,0,3
1999-01-18,49,33,41,0.08,0,2
1999-01-19,41,33,37,0.28,0.5,2
1999-01-20,42,32,37,0,0,2
1999-01-21,41,27,34,0,0,2
1999-01-22,54,33,43.5,0.3,0,2
1999-01-23,63,44,53.5,0,0,2
1999-01-24,55,35,45,0.81,0,T
1999-01-25,35,33,34,0,0,0
1999-01-26,42,28,35,T,T,0
1999-01-27,61,23,42,0,0,0
1999-01-28,55,40,47.5,0,0,0
1999-01-29,40,27,33.5,0,0,0
1999-01-30,42,19,30.5,0,0,0
1999-01-31,43,20,31.5,0,0,0
1999-02-01,46,23,34.5,0,0,0
1999-02-02,49,39,44,0.33,0,0
2000-01-01,68,20,44,0,0,0
2000-01-02,64,36,50,0.02,0,0
2000-01-03,64,48,56,0.1,0,0
2000-01-04,62,36,49,0.25,0,0
2000-01-05,36,28,32,0.12,T,0
2000-01-06,57,22,39.5,T,0,0
2000-01-07,56,22,39,0,0,0
2000-01-08,45,23,34,T,T,0
2000-01-09,48,32,40,T,0,0
2000-01-10,55,35,45,0.08,0,0
2000-01-11,47,34,40.5,0.14,0,0
2000-01-12,58,32,45,T,T,0
2000-01-13,44,23,33.5,0.07,0,0
2000-01-14,24,8,16,0.01,0.2,T
2000-01-15,34,12,23,0.02,0.4,T
2000-01-16,46,25,35.5,T,0,T
2000-01-17,37,4,20.5,0,0,0
2000-01-18,27,11,19,0,0,0
2000-01-19,30,23,26.5,0.03,0.5,1
2000-01-20,28,22,25,0.18,3,2
2000-01-21,M,4,M,0.12,1.5,4
2000-01-22,22,3,12.5,T,T,4
2000-01-23,33,14,23.5,0.01,0.1,4
2000-01-24,48,22,35,0,0,4
2000-01-25,26,12,19,0,0,2
2000-01-26,24,15,19.5,0.03,0.5,3
2000-01-27,28,6,17,T,T,3
2000-01-28,40,11,25.5,T,0.2,3
2000-01-29,32,8,20,0,0,2
2000-01-30,32,22,27,0.05,0.5,2
2000-01-31,32,21,26.5,0.23,3,4
2000-02-01,30,23,26.5,0.02,0.5,4
2000-02-02,36,11,23.5,0.07,1.5,5
2001-01-01,M,M,M,T,0.5,4
2001-01-02,M,M,M,0.02,0.5,5
2001-01-03,M,M,M,T,0.2,5
2001-01-04,M,M,M,0.02,0.5,5
2001-01-05,M,M,M,0.12,2,7
2001-01-06,M,M,M,0.19,3.5,8
2001-01-07,M,M,M,0,0,8
2001-01-08,M,M,M,0,0,7
2001-01-09,M,M,M,0.06,1,6
2001-01-10,M,M,M,T,T,5
2001-01-11,M,M,M,0,0,4
2001-01-12,M,M,M,0,0,4
2001-01-13,M,M,M,0,0,4
2001-01-14,M,M,M,0,0,3
2001-01-15,M,M,M,0.02,0,3
2001-01-16,M,M,M,0.02,T,2
2001-01-17,M,M,M,T,T,2
2001-01-18,M,M,M,T,T,1
2001-01-19,M,M,M,0.06,0,1
2001-01-20,M,M,M,T,T,1
2001-01-21,M,M,M,0.55,5.5,6
2001-01-22,M,M,M,T,T,4
2001-01-23,M,M,M,T,T,3
2001-01-24,M,M,M,0,0,3
2001-01-25,M,M,M,T,T,3
2001-01-26,M,M,M,0,0,3
2001-01-27,M,M,M,0.17,1,4
2001-01-28,M,M,M,0.02,T,4
2001-01-29,M,M,M,0,0,3
2001-01-30,M,M,M,0.26,0,2
2001-01-31,M,M,M,0.78,0,1
2001-02-01,38,33,35.5,0.07,0.2,T
2001-02-02,35,20,27.5,T,T,0
2002-01-01,24,7,15.5,0.02,0.5,3
2002-01-02,29,12,20.5,T,T,3
2002-01-03,31,6,18.5,T,T,3
2002-01-04,31,17,24,0,0,2
2002-01-05,40,19,29.5,0,0,2
2002-01-06,35,27,31,0,0,1
2002-01-07,34,24,29,0.65,8,8
2002-01-08,28,18,23,0.06,1,9
2002-01-09,43,18,30.5,0.01,0.5,8
2002-01-10,51,36,43.5,T,0,4
2002-01-11,40,36,38,0.18,0,2
2002-01-12,57,32,44.5,T,0,1
2002-01-13,44,32,38,0.01,T,T
2002-01-14,47,26,36.5,T,T,T
2002-01-15,45,32,38.5,T,T,T
2002-01-16,38,31,34.5,0.01,0.5,T
2002-01-17,38,30,34,0.04,0.5,T
2002-01-18,35,24,29.5,T,T,T
2002-01-19,32,23,27.5,T,T,0
2002-01-20,34,22,28,0.17,2,2
2002-01-21,38,25,31.5,0.1,1,3
2002-01-22,45,29,37,0.12,1,1
2002-01-23,48,30,39,0,0,T
2002-01-24,52,36,44,0.03,0,0
2002-01-25,56,30,43,0.25,0,0
2002-01-26,60,28,44,0,0,0
2002-01-27,70,28,49,0,0,0
2002-01-28,70,29,49.5,0,0,0
2002-01-29,64,37,50.5,0,0,0
2002-01-30,56,46,51,0.33,0,0
2002-01-31,63,45,54,0.43,0,0
2002-02-01,62,35,48.5,0.05,0,0
2002-02-02,40,26,33,0.08,T,0
2003-01-01,45,M,M,0.28,0,0
2003-01-02,45,32,38.5,0.99,0,0
2003-01-03,38,32,35,0.29,M,0
2003-01-04,32,25,28.5,0.18,0.5,T
2003-01-05,32,25,28.5,0.03,0.5,1
2003-01-06,30,27,28.5,0.12,1.5,2
2003-01-07,30,15,22.5,0.11,1.5,4
2003-01-08,38,27,32.5,T,T,3
2003-01-09,49,27,38,0,0,T
2003-01-10,43,25,34,0.01,T,T
2003-01-11,26,17,21.5,0.05,0.5,1
2003-01-12,26,15,20.5,T,T,T
2003-01-13,30,16,23,0,0,T
2003-01-14,23,10,16.5,T,T,T
2003-01-15,20,14,17,0.05,0.5,1
2003-01-16,20,2,11,0.03,0.3,1
2003-01-17,22,10,16,0.06,0.6,2
2003-01-18,20,-3,8.5,0.02,0.2,2
2003-01-19,20,6,13,0.02,0.2,2
2003-01-20,25,16,20.5,0.12,5,7
2003-01-21,19,7,13,T,T,4
2003-01-22,13,-7,3,T,T,4
2003-01-23,11,-9,1,T,T,4
2003-01-24,20,8,14,0.02,0.5,4
2003-01-25,22,14,18,T,T,4
2003-01-26,26,15,20.5,0,0,3
2003-01-27,15,-9,3,0.07,1.5,4
2003-01-28,30,3,16.5,0,0,4
2003-01-29,33,26,29.5,0.18,3.5,6
2003-01-30,42,20,31,0.05,0.5,6
2003-01-31,39,20,29.5,0,0,4
2003-02-01,37,32,34.5,0.14,1,4
2003-02-02,36,29,32.5,0.03,T,3
2004-01-01,45,23,34,0,0,0
2004-01-02,M,34,M,0.48,0,0
2004-01-03,60,44,52,0.04,0,0
2004-01-04,53,39,46,0.7,0,0
2004-01-05,50,31,40.5,2.4,0,0
2004-01-06,30,13,21.5,0.05,T,T
2004-01-07,20,12,16,0.02,0.5,T
2004-01-08,25,15,20,0,0,0
2004-01-09,25,16,20.5,T,T,T
2004-01-10,17,-1,8,0,0,T
2004-01-11,30,5,17.5,0,0,T
2004-01-12,39,30,34.5,T,T,T
2004-01-13,34,24,29,0,0,0
2004-01-14,28,10,19,0.02,0.5,T
2004-01-15,30,8,19,0.25,3,3
2004-01-16,16,-4,6,0.02,0.5,3
2004-01-17,32,-1,15.5,0,0,2
2004-01-18,37,18,27.5,0.36,3,2
2004-01-19,19,15,17,0.05,0.5,2
2004-01-20,19,13,16,T,1,2
2004-01-21,21,2,11.5,0,0,2
2004-01-22,31,12,21.5,0,0,2
2004-01-23,13,3,8,T,0.2,2
2004-01-24,18,1,9.5,0.03,2,4
2004-01-25,19,-11,4,0.02,0.5,4
2004-01-26,25,13,19,0.5,5.3,9
2004-01-27,31,24,27.5,0.17,0.5,7
2004-01-28,24,16,20,0.53,9,15
2004-01-29,21,13,17,0.1,3,18
2004-01-30,14,10,12,0.06,2,19
2004-01-31,14,2,8,0.02,0.5,19
2004-02-01,M,M,M,T,0,18
2004-02-02,M,M,M,0,0,17
2005-01-01,55,38,46.5,T,0,0
2005-01-02,56,33,44.5,0.02,0,0
2005-01-03,56,M,M,0.2,0,0
2005-01-04,57,44,50.5,1.1,0,0
2005-01-05,44,36,40,0.34,0,0
2005-01-06,53,35,44,2.56,0,0
2005-01-07,40,29,34.5,0.63,T,0
2005-01-08,50,34,42,0.53,0,0
2005-01-09,43,32,37.5,0.15,0,0
2005-01-10,44,30,37,0,0,0
2005-01-11,42,29,35.5,T,0,0
2005-01-12,64,42,53,1.12,0,0
2005-01-13,70,48,59,0,0,0
2005-01-14,68,23,45.5,0.51,T,0
2005-01-15,32,17,24.5,T,T,T
2005-01-16,28,23,25.5,0,0,0
2005-01-17,24,9,16.5,0.25,3,3
2005-01-18,15,-1,7,T,T,3
2005-01-19,28,5,16.5,T,T,3
2005-01-20,29,21,25,0.2,3,5
2005-01-21,21,2,11.5,0,0,5
2005-01-22,26,2,14,T,T,5
2005-01-23,19,5,12,0.42,4,8
2005-01-24,19,-8,5.5,0,0,7
2005-01-25,30,19,24.5,0.02,0.5,7
2005-01-26,42,24,33,T,T,6
2005-01-27,24,4,14,0,0,5
2005-01-28,33,-3,15,0,0,5
2005-01-29,38,11,24.5,0,0,5
2005-01-30,40,22,31,0.06,1,4
2005-01-31,42,11,26.5,0,0,3
2005-02-01,43,13,28,0,0,3
2005-02-02,47,13,30,0,0,2
2006-01-01,39,33,36,0.22,0,0
2006-01-02,43,33,38,0,0,0
2006-01-03,41,38,39.5,0.83,0,0
2006-01-04,51,38,44.5,0.02,0,0
2006-01-05,45,33,39,0.05,0,0
2006-01-06,35,22,28.5,0.14,0.5,T
2006-01-07,31,20,25.5,0.02,0.5,1
2006-01-08,44,31,37.5,T,T,T
2006-01-09,57,39,48,0,0,0
2006-01-10,48,35,41.5,0,0,0
2006-01-11,62,44,53,0,0,0
2006-01-12,57,31,44,0.04,0,0
2006-01-13,69,29,49,0,0,0
2006-01-14,51,25,38,0.8,0,0
2006-01-15,32,19,25.5,0.25,1,T
2006-01-16,42,20,31,0,0,0
2006-01-17,43,31,37,0,0,0
2006-01-18,49,28,38.5,0.78,0,0
2006-01-19,55,24,39.5,0.01,T,0
2006-01-20,58,37,47.5,0,0,0
2006-01-21,55,33,44,T,0,0
2006-01-22,43,21,32,0,0,0
2006-01-23,40,29,34.5,0.37,0,0
2006-01-24,43,23,33,0.12,0,0
2006-01-25,35,27,31,0.19,1,1
2006-01-26,29,21,25,0.04,1,1
2006-01-27,41,13,27,T,T,T
2006-01-28,54,24,39,0,0,0
2006-01-29,55,29,42,T,0,0
2006-01-30,53,31,42,0.25,0,0
2006-01-31,43,32,37.5,0.02,0,0
2006-02-01,40,31,35.5,0.03,T,0
2006-02-02,54,29,41.5,0,0,0
2007-01-01,54,35,44.5,0.27,0,0
2007-01-02,42,28,35,0.03,0,0
2007-01-03,50,24,37,0,0,0
2007-01-04,56,26,41,0,0,0
2007-01-05,61,41,51,0.16,0,0
2007-01-06,60,47,53.5,1.07,0,0
2007-01-07,47,29,38,0.08,0,0
2007-01-08,50,33,41.5,0.53,0,0
2007-01-09,37,29,33,0.01,T,T
2007-01-10,31,22,26.5,0.05,1,1
2007-01-11,47,16,31.5,0.01,T,T
2007-01-12,49,35,42,0.05,0,0
2007-01-13,53,47,50,0.35,0,0
2007-01-14,51,46,48.5,0.4,0,0
2007-01-15,57,46,51.5,0.6,0,0
2007-01-16,49,23,36,0.92,0,0
2007-01-17,28,14,21,0.02,1,1
2007-01-18,40,18,29,0,0,0
2007-01-19,36,26,31,0.04,T,T
2007-01-20,27,18,22.5,0.04,1.5,1
2007-01-21,25,11,18,T,T,1
2007-01-22,33,24,28.5,0.07,1,2
2007-01-23,31,24,27.5,0.04,0.5,2
2007-01-24,32,27,29.5,0.01,T,2
2007-01-25,29,15,22,0.14,2,4
2007-01-26,20,4,12,0.05,1,5
2007-01-27,40,13,26.5,0.08,2,7
2007-01-28,37,20,28.5,0.01,T,3
2007-01-29,20,11,15.5,0.08,2,5
2007-01-30,28,13,20.5,0.01,T,4
2007-01-31,21,10,15.5,0.07,4,6
2007-02-01,31,14,22.5,T,T,4
2007-02-02,32,25,28.5,0.01,T,4
2008-01-01,42,27,34.5,T,0,0
2008-01-02,27,16,21.5,0.09,1.5,2
2008-01-03,21,6,13.5,T,T,1
2008-01-04,33,7,20,T,T,1
2008-01-05,42,20,31,0,0,1
2008-01-06,52,37,44.5,0.17,0,M
2008-01-07,64,46,55,T,0,M
2008-01-08,69,45,57,0,0,0
2008-01-09,67,M,M,0.07,0,0
2008-01-10,51,27,39,0,0,0
2008-01-11,49,39,44,0.63,0,0
2008-01-12,45,32,38.5,0.3,0,0
2008-01-13,42,26,34,0,0,0
2008-01-14,38,28,33,0.14,0.2,T
2008-01-15,28,24,26,0.01,0.5,1
2008-01-16,30,23,26.5,0.01,0.5,1
2008-01-17,33,23,28,T,T,1
2008-01-18,39,24,31.5,0,T,T
2008-01-19,28,18,23,T,T,0
2008-01-20,21,7,14,0,0,0
2008-01-21,23,5,14,0,0,0
2008-01-22,38,12,25,0.08,1,1
2008-01-23,34,15,24.5,0,0,T
2008-01-24,25,13,19,0,0,T
2008-01-25,23,2,12.5,0.05,1,1
2008-01-26,30,9,19.5,0,0,1
2008-01-27,31,25,28,0.03,0.5,1
2008-01-28,39,21,30,0.05,0.5,1
2008-01-29,43,25,34,0.1,0,1
2008-01-30,54,22,38,0.52,T,0
2008-01-31,37,13,25,T,T,0
2008-02-01,37,13,25,0.41,0.3,T
2008-02-02,37,28,32.5,0.78,T,T
2009-01-01,33,17,25,T,T,0
2009-01-02,40,18,29,0.02,T,T
2009-01-03,41,19,30,T,T,T
2009-01-04,33,19,26,0,0,T
2009-01-05,44,25,34.5,0.1,0,0
2009-01-06,37,25,31,0,0,0
2009-01-07,37,27,32,0.88,T,0
2009-01-08,43,26,34.5,0.55,1,1
2009-01-09,26,20,23,0.02,1,2
2009-01-10,27,20,23.5,0.1,1,3
2009-01-11,35,24,29.5,0.33,2,3
2009-01-12,25,20,22.5,0.03,0.5,4
2009-01-13,29,21,25,0,0,3
2009-01-14,38,8,23,0.04,1,3
2009-01-15,18,4,11,0.12,3,6
2009-01-16,14,-3,5.5,0.01,0.5,6
2009-01-17,6,-12,-3,T,T,6
2009-01-18,26,-13,6.5,0.28,5,10
2009-01-19,30,12,21,0.07,2,11
2009-01-20,19,8,13.5,0.02,1,11
2009-01-21,21,5,13,T,0.5,11
2009-01-22,20,5,12.5,0,0,11
2009-01-23,36,13,24.5,0,0,8
2009-01-24,49,17,33,T,T,4
2009-01-25,26,2,14,0,0,4
2009-01-26,17,1,9,0.02,0.5,5
2009-01-27,21,8,14.5,0,0,5
2009-01-28,32,9,20.5,0.34,1.5,6
2009-01-29,37,18,27.5,0.64,0.5,6
2009-01-30,27,18,22.5,0.02,0.5,6
2009-01-31,25,9,17,0.12,3.5,9
2009-02-01,34,9,21.5,0,0,9
2009-02-02,46,27,36.5,0,0,6
2010-01-01,36,30,33,0.15,0,1
2010-01-02,32,15,23.5,0.04,0.5,1
2010-01-03,17,8,12.5,0,0,1
2010-01-04,18,8,13,0.04,3,4
2010-01-05,22,16,19,0.05,1,5
2010-01-06,23,19,21,0.15,3,7
2010-01-07,26,22,24,0.06,1,6
2010-01-08,24,21,22.5,0.15,3,8
2010-01-09,21,12,16.5,0.03,2,8
2010-01-10,25,-6,9.5,T,T,7
2010-01-11,19,-3,8,T,T,6
2010-01-12,23,7,15,0.02,1,7
2010-01-13,25,19,22,T,T,7
2010-01-14,30,15,22.5,0,0,7
2010-01-15,42,14,28,0,0,5
2010-01-16,42,33,37.5,0,0,3
2010-01-17,46,29,37.5,0,0,2
2010-01-18,40,32,36,0.7,0,1
2010-01-19,42,34,38,T,0,1
2010-01-20,35,27,31,0,0,0
2010-01-21,33,19,26,0,0,0
2010-01-22,41,24,32.5,T,0,T
2010-01-23,38,28,33,0.01,0,0
2010-01-24,46,26,36,0,0,0
2010-01-25,52,37,44.5,1.14,0,0
2010-01-26,51,29,40,0.15,0.2,T
2010-01-27,31,24,27.5,0.01,T,T
2010-01-28,31,24,27.5,0.05,1,1
2010-01-29,32,1,16.5,0,0,1
2010-01-30,15,1,8,0,0,1
2010-01-31,19,-1,9,0,0,1
2010-02-01,26,-1,12.5,0,0,1
2010-02-02,29,12,20.5,0,0,1
2011-01-01,44,32,38,0,0,0
2011-01-02,52,29,40.5,0.35,0,0
2011-01-03,34,14,24,0,0,0
2011-01-04,33,14,23.5,0,0,0
2011-01-05,39,18,28.5,0,0,0
2011-01-06,26,11,18.5,T,T,T
2011-01-07,29,11,20,0.13,3,3
2011-01-08,23,16,19.5,0.13,3,6
2011-01-09,20,14,17,0.03,1,7
2011-01-10,23,9,16,T,T,7
2011-01-11,23,3,13,T,T,4
2011-01-12,29,13,21,0.17,4,7
2011-01-13,22,19,20.5,0.04,1.5,7
2011-01-14,24,15,19.5,0.01,0.5,7
2011-01-15,24,12,18,T,T,6
2011-01-16,36,14,25,T,T,5
2011-01-17,24,8,16,0,0,4
2011-01-18,32,7,19.5,0.11,T,4
2011-01-19,46,27,36.5,0.12,0,2
2011-01-20,33,21,27,0,0,2
2011-01-21,M,19,M,0.34,4,5
2011-01-22,19,-5,7,T,T,5
2011-01-23,18,-8,5,T,T,5
2011-01-24,17,-8,4.5,0,0,5
2011-01-25,29,-6,11.5,0.03,0.5,4
2011-01-26,35,26,30.5,T,T,3
2011-01-27,35,25,30,0.16,2,3
2011-01-28,28,21,24.5,0.05,1,4
2011-01-29,30,21,25.5,0.05,0.5,4
2011-01-30,32,24,28,0.08,1,4
2011-01-31,31,-1,15,0,0,4
2011-02-01,35,-1,17,0.12,0,3
2011-02-02,40,32,36,0.88,0,1
2012-01-01,44,31,37.5,0,0,0
2012-01-02,55,27,41,T,T,T
2012-01-03,30,19,24.5,0.13,2,2
2012-01-04,21,4,12.5,T,T,2
2012-01-05,29,11,20,0,0,1
2012-01-06,37,27,32,0,0,0
2012-01-07,56,27,41.5,0,0,0
2012-01-08,53,28,40.5,0,0,0
2012-01-09,37,25,31,0,0,0
2012-01-10,46,25,35.5,0,0,0
2012-01-11,45,23,34,0,0,0
2012-01-12,46,22,34,0.81,0,0
2012-01-13,46,21,33.5,0.36,0,0
2012-01-14,21,17,19,0.02,1.5,3
2012-01-15,22,8,15,0.01,1,2
2012-01-16,26,6,16,0,0,1
2012-01-17,48,6,27,0.04,0,0
2012-01-18,54,25,39.5,0.29,0.5,0
2012-01-19,26,15,20.5,0,0,0
2012-01-20,34,4,19,0.07,3.5,4
2012-01-21,26,2,14,0.16,4.4,6
2012-01-22,29,5,17,0.11,0.1,6
2012-01-23,37,7,22,0,0,5
2012-01-24,52,34,43,0.26,0,0
2012-01-25,41,30,35.5,0,0,0
2012-01-26,41,30,35.5,0.05,M,M
2012-01-27,51,34,42.5,1.24,0,0
2012-01-28,54,29,41.5,0.14,0,0
2012-01-29,43,26,34.5,0,0,0
2012-01-30,41,19,30,0.01,0.3,T
2012-01-31,47,18,32.5,0,0,0
2012-02-01,59,36,47.5,0.05,0,0
2012-02-02,56,31,43.5,0.04,0,0
2014-01-01,24,16,20,0.1,2,1
2014-01-02,32,21,26.5,0,0,T
2014-01-03,31,7,19,0.16,3,3
2014-01-04,13,2,7.5,0,0,3
2014-01-05,38,3,20.5,0,0,3
2014-01-06,49,14,31.5,0.19,1,1
2014-01-07,29,-10,9.5,T,T,1
2014-01-08,2,-10,-4,0,0,1
2014-01-09,21,-1,10,0.04,1,1
2014-01-10,34,13,23.5,0.02,0.5,1
2014-01-11,51,31,41,0,0,0
2014-01-12,54,33,43.5,0.47,0,0
2014-01-13,35,25,30,T,T,0
2014-01-14,55,25,40,0.48,0,0
2014-01-15,45,27,36,0.05,T,0
2014-01-16,37,18,27.5,0,0,0
2014-01-17,34,17,25.5,0.01,0.2,T
2014-01-18,36,15,25.5,0.1,0.8,1
2014-01-19,19,9,14,0.05,1.1,2
2014-01-20,34,19,26.5,0,0,1
2014-01-21,36,19,27.5,0.02,0.2,1
2014-01-22,19,-9,5,0.11,4,3
2014-01-23,10,-9,0.5,0.01,0.4,2
2014-01-24,13,2,7.5,0.03,0.5,2
2014-01-25,21,2,11.5,0.03,1,3
2014-01-26,23,6,14.5,0.07,3,5
2014-01-27,43,7,25,T,T,3
2014-01-28,31,-9,11,0.04,1,4
2014-01-29,7,-13,-3,0,0,3
2014-01-30,15,-12,1.5,0,0,2
2014-01-31,35,-6,14.5,0,0,2
2014-02-01,38,29,33.5,0,0,1
2014-02-02,51,31,41,0.02,0,1
2015-01-01,24,19,21.5,0,0,0
2015-01-02,34,19,26.5,0,0,0
2015-01-03,37,21,29,0,0,0
2015-01-04,54,33,43.5,0.93,0.5,0
2015-01-05,62,23,42.5,0.03,0.5,T
2015-01-06,24,11,17.5,0.02,0.5,1
2015-01-07,19,12,15.5,0.04,1,1
2015-01-08,13,0,6.5,T,T,1
2015-01-09,22,0,11,0.1,2,2
2015-01-10,22,-1,10.5,T,T,2
2015-01-11,22,-1,10.5,0,0,2
2015-01-12,40,11,25.5,0.16,1,2
2015-01-13,37,11,24,0.18,M,M
2015-01-14,29,12,20.5,0,0,T
2015-01-15,29,14,21.5,0,0,T
2015-01-16,30,14,22,0,0,T
2015-01-17,33,11,22,0,0,T
2015-01-18,45,12,28.5,0,0,T
2015-01-19,47,32,39.5,0.06,0.5,T
2015-01-20,35,27,31,0,0,T
2015-01-21,35,23,29,0.13,2,2
2015-01-22,35,27,31,0.27,2.5,2
2015-01-23,32,28,30,T,T,2
2015-01-24,32,28,30,0.23,3,4
2015-01-25,33,27,30,0.03,0,3
2015-01-26,34,26,30,0.3,3,5
2015-01-27,28,19,23.5,0.31,3.5,8
2015-01-28,23,0,11.5,0.05,1,9
2015-01-29,25,1,13,T,T,8
2015-01-30,39,12,25.5,0.4,3.5,10
2015-01-31,28,4,16,0.02,0.5,10
2015-02-01,25,1,13,T,T,9
2015-02-02,40,21,30.5,1.15,2,6
2016-01-01,36,29,32.5,T,T,T
2016-01-02,33,27,30,T,T,T
2016-01-03,33,22,27.5,0,0,0
2016-01-04,32,23,27.5,0.04,0.4,T
2016-01-05,25,3,14,0,0,T
2016-01-06,28,3,15.5,0,0,0
2016-01-07,41,8,24.5,0,0,0
2016-01-08,46,15,30.5,0,0,0
2016-01-09,44,21,32.5,0.29,0,M
2016-01-10,56,40,48,0.37,M,M
2016-01-11,48,16,32,0.17,0.5,T
2016-01-12,27,14,20.5,0.05,0.5,1
2016-01-13,30,7,18.5,0.12,2,2
2016-01-14,27,5,16,0.03,M,2
2016-01-15,41,25,33,0,0,1
2016-01-16,49,25,37,0.27,0,0
2016-01-17,40,28,34,0.03,0.3,0
2016-01-18,30,5,17.5,0.03,0.4,1
2016-01-19,12,5,8.5,T,T,1
2016-01-20,16,5,10.5,0,0,1
2016-01-21,24,9,16.5,0.05,0.5,1
2016-01-22,22,6,14,0,0,1
2016-01-23,22,6,14,0.55,6,7
2016-01-24,28,5,16.5,T,T,7
2016-01-25,29,9,19,0,0,6
2016-01-26,45,12,28.5,0.06,0,5
2016-01-27,49,29,39,0.02,T,1
2016-01-28,30,15,22.5,T,T,T
2016-01-29,42,15,28.5,0.01,0.1,T
2016-01-30,31,12,21.5,0.02,0.3,T
2016-01-31,53,17,35,0,0,0
2016-02-01,63,35,49,0.06,0,0
2016-02-02,49,22,35.5,0,0,0
2017-01-01,42,22,32,0.05,0,0
2017-01-02,43,28,35.5,0.07,0,0
2017-01-03,45,28,36.5,T,0,0
2017-01-04,46,40,43,0.65,0,0
2017-01-05,40,20,30,T,0,0
2017-01-06,23,8,15.5,0.17,3,3
2017-01-07,16,3,9.5,0,0,2
2017-01-08,15,7,11,T,T,2
2017-01-09,16,2,9,T,T,2
2017-01-10,29,5,17,0.05,1,3
2017-01-11,51,25,38,0.15,0,0
2017-01-12,61,39,50,0.21,0,0
2017-01-13,65,34,49.5,0.62,0,0
2017-01-14,37,27,32,0,0,0
2017-01-15,36,24,30,0.03,0,0
2017-01-16,35,19,27,0,0,0
2017-01-17,43,19,31,0.03,0,0
2017-01-18,60,38,49,0.27,0,0
2017-01-19,47,37,42,0.03,0,0
2017-01-20,42,29,35.5,T,0,0
2017-01-21,48,29,38.5,0.13,0,0
2017-01-22,65,38,51.5,0,0,0
2017-01-23,64,41,52.5,0,0,0
2017-01-24,47,32,39.5,1.08,1,T
2017-01-25,38,32,35,0.12,T,0
2017-01-26,51,37,44,0.27,0,0
2017-01-27,41,29,35,0.16,1,T
2017-01-28,32,27,29.5,0.12,2,2
2017-01-29,33,26,29.5,T,T,2
2017-01-30,32,24,28,0.03,0.5,2
2017-01-31,27,17,22,0.12,2,4
2017-02-01,38,25,31.5,0.32,0,1
2017-02-02,37,30,33.5,0.08,0,0
2018-01-01,12,-10,1,T,T,6
2018-01-02,12,-11,0.5,T,T,4
2018-01-03,13,-5,4,0,0,4
2018-01-04,25,-6,9.5,T,T,4
2018-01-05,17,0,8.5,T,T,4
2018-01-06,8,-1,3.5,T,T,2
2018-01-07,8,-11,-1.5,0,0,2
2018-01-08,23,-11,6,0,0,2
2018-01-09,34,23,28.5,0.23,0,1
2018-01-10,37,19,28,0,0,1
2018-01-11,49,19,34,0,0,0
2018-01-12,60,35,47.5,0.47,0,0
2018-01-13,64,16,40,1.35,3,3
2018-01-14,18,3,10.5,T,T,3
2018-01-15,19,-1,9,0,0,3
2018-01-16,26,11,18.5,0.25,2.5,4
2018-01-17,29,4,16.5,0.15,1.5,5
2018-01-18,14,3,8.5,0,0,4
2018-01-19,25,7,16,0,0,4
2018-01-20,37,15,26,0,0,2
2018-01-21,45,26,35.5,0,0,2
2018-01-22,42,32,37,T,T,1
2018-01-23,58,36,47,0.16,0,0
2018-01-24,49,31,40,0.12,T,0
2018-01-25,31,22,26.5,0.07,T,0
2018-01-26,28,18,23,0,0,0
2018-01-27,53,18,35.5,0,0,0
2018-01-28,54,25,39.5,0.34,0,0
2018-01-29,49,23,36,0,0,0
2018-01-30,45,20,32.5,0.15,1,1
2018-01-31,20,8,14,T,T,1
2018-02-01,43,8,25.5,0,0,T
2018-02-02,46,15,30.5,0.2,0.5,1
